id,OS_Id,DeptId,CompId,RegionId,PCompId,SaleslogsOrder,DeptType,OrderDate,ETA,DeliveryTime,Estimated,EstimatedSort,EstimatedCancel,Actual,ActualSort,RDA,RDA_Reversal,SoldRDA,Settlement,SITE,RONUMBER,RONUMBER_WorkDesc,RONUMBER_WorkETA,RONUMBER_WorkStatus,RONUMBER_TOTAL,RONUMBER_COMPLETE,VehLocation,ETAComp,No,DeptName,Status,Pay,Fincr,EnqSale,EnqFincr,EnqAfter,SM,SP,AM,FP,SP_FULL,AM_FULL,FP_FULL,SM_FULL,SP2,AM2,FP2,SP2_FULL,AM2_FULL,FP2_FULL,Client,CompanyName,DriverName,PhoneNo,CustDeal,Deal,WriteBack,SmartMemberShip,StockNo,OrderNo,Rego,Vin,VDType,VDModel,VDColour,Builder1,Builder2,VDSource,Age,Variant,VD_ServicePlan,LoanProd,NAF,TermMonths,ResidualValue,FlexType,Flex,PercentVolumeBonus,AdvanceArrears,BaseRATE,EstimateCover,WriteRATE,Comm,OrigFee,OrigFeeIsUserEdit,VolumeBonus,FDOther,CCI,GAP,COMP,INDType,INDWarranty,INDOther,CCIPre,GAPPre,COMPPre,INDTypePre,INDWarrantyPre,INDOtherISP,INDRoadPro,INDRoadPre,INDTotalPremiumFlag,FinanceCampaign,FinanceCampaign_FULL,PeriodsId,FD_CommCal,FD_VolumeBonusCal,FD_OtherCal,FD_CommIsUserEdit,FD_VolumeBonusIsUserEdit,FD_OtherIsUserEdit,FD_LoanApp,FD_BankRate,Products,AMSaleDate,WindowTint,Treatment,Electronics,ADWARRANTY,Adjustment,ADOther,ADOther3,ADOther4,VFD_AMProfit_flag,AMProfit,AMSalePrice,SalePrice,Deposit,Refund,FinanProfit,Gross,Holdback,Gross3,Gross4,Holdback1,Holdback2,Holdback3,Holdback4,Claim1,Claim2,Profit,FinalProfit,VarianceAmt,ReasonVariance,Bonus1,Bonus2,VFD_ROI,TradeInType,TradeInStockNo,RegoTrade,Valuer,Valuer_FULL,Amount,Payout,TD_TradeInTypeCount,TD_Tradein_Vin,TD_TradeIN_Id,TD_BookedInDate,TD_DisposalDate,TD_RetailOrWholsale,TD_SoldTo,TD_ValuationAmount,TD_Adjustment,TD_InStockAmount,TD_Load1,TD_Load2,TD_Load3,TD_SaleAmount,TD_TotalProfit,TD_TotalProfit_Flag,TD_GST,TD_GST_Flag,TD_ITC,TD_ITC_Flag,TD_ValuationDate,TD_ContractAmount,TD_PayoutAmount,TD_PayoutTo,TD_WholesaleComments,TD_WholesaleComments_Comment,TD_Yearbuilt,TD_Make,TD_ModelDescrtption,TD_Status,TD_ArrayId,TD_KM,TD_RecoStarted,TD_RecoCompleted,TD_RecoSpent,TD_RecoRO,TD_RecoRO_TOTAL,TD_RecoRO_COMPLETE,Suburb,Email,SalesCom,FincrCom,AfterCom,FollowCom,ETA_Comment
14767835,,,,,,,NEW,,,,,,,,,,,,,Harmony BYD - VIC,?,,,,3,2,CANCELLED,,,,CANCELLED,,,,,,,,,,,,,,,,,,,,,,,,,,,,5486,,2FC4YX,,SEALION 6,ESSENTIAL,ARCTIC WHITE,,,DEMO,,,,,0,0,0,0,0,0,0,0,0,0,0,0,false,0,0,0,0,0,0,0,0,0,0,0,0,0,0,0,,,0,0,0,0,,,,,0,,N/A,0,0,0,0,0,0,0,0,,0,0,0.00,0.00,0,0,0,0,0,0,0,0,0,,,0,,0,,,,Incomplete,,,,,,0,0,0,,,,,,,0,0,0,0,0,0,0,0,false,0,false,0,false,,0,0,,,0,,,,,0,,,,0,,0,0,,,,,,,,wants to cancel the deal,Yes
13086820,,,,,,,NEW,2025-12-13,,12:00 PM,31-Dec-25,,,2025-12-31,,2025-12-31,,,2205-12-23,Harmony BYD - VIC,,,,,0,0,DERRIMUT HOLDING YARD,,,,DELIVERED,IHA,ANGLE AUTO FINANCE,,jess,,44955,48849,No Opportunity,53244,Manav Rajnani,No Opportunity,Jess Lam,Sonia Lai,,,,,,,I & I VENTURES,,,0424391487,120264,,,,2598,693cec0f82ced,2ED4LM,LGXCH4CD6S2216893,SEALION 7,PREMIUM,AURORA WHITE,,,NEW,,BLACK,,BYD 1.88% 36 Month Commercial,52181.85,36,0,0,0,0,0,1.88,0,1.88,0,1595,true,0,0,0,0,0,0,0,0,0,0,0,0,0,0,0,,,0,0,0,0,F,,,11487391,0,,N/A,0,0,0,0,0,0,0,0,,0,0,59412.5,58730.75,0.00,1595,5664,0,-545,-799.47,0,0,0,0,,,4319.53,,0,,,,Incomplete,,,,,,0,0,0,,,,,,,0,0,0,0,0,0,0,0,false,0,false,0,false,,0,0,,,0,,,,,0,,,,0,,0,0,AINTREE,alim.m.zaman@gmail.com,,1.88% finance Settled,,,,,5
13554082,,,,,,,NEW,2026-02-23,PDI Completed,09:00 AM,28-Feb-26,,,2026-02-28,,,,,2028-02-28,Harmony BYD - VIC,,,,,0,0,DELIVERED,,,ALLOCATED,IHA,A88 Finance,,,,44955,53293,No Opportunity,53244,Vrinda Gupta,No Opportunity,Jess Lam,Sonia Lai,,,,,,,DORE MATESKI,,,0404078475,137947,,,,4057,699bad50e955c,2EN8GV,LPE19W2A8TF050080,SHARK 6,PREMIUM,MIST GREY,,,NEW,,BLACK,,CHATTEL MTGE,72646.45,60,0,0,0,0,0,0,0,7.99,1130,0,false,0,0,0,0,0,0,0,0,0,0,0,0,0,0,0,,,0,0,0,0,,,,,0,,N/A,0,0,0,0,0,0,0,0,,0,0,58616.2,1000.00,0.00,1130,0,0,0,0,0,0,0,0,,,0,,0,,,,Incomplete,,,,,,0,0,0,,,,,,,0,0,0,0,0,0,0,0,false,0,false,0,false,,0,0,,,0,,,,,0,,,,0,,0,0,WIOO WOOD COURT,info@gmtronics.com.au,,Car finance with added outside AM for tray worth 13K hence Naf higher.,,,1,,1
13712498,,,,,,,NEW,2026-03-17,,,cancelled,,01-Jul-26,,,,,,,Harmony BYD - VIC,,,,,0,0,CANCELLED,,,,CANCELLED,FLEET,SG FLEET,FLEET,,,49802,44955,fleet,fleet,Sonia Lai,fleet,fleet,Roy Zhao,,,,,,,Saeid Nikbin,,,0422217160,2698124,,,,,FLEET69b87ba3bafa0-1,,,SEALION 7,PREMIUM,AURORA WHITE,,,NEW,,THAUMAS BLACK,,Nil,0,0,0,0,0,0,0,0,0,0,0,0,true,0,0,0,0,0,0,0,0,0,0,0,0,0,0,0,,,0,0,0,0,,,,,0,,N/A,0,0,0,0,0,0,0,0,,0,0,54990,0.00,0.00,0,0,0,0,0,0,0,0,0,,,0,,0,,,,Incomplete,,,,,,0,0,0,,,,,,,0,0,0,0,0,0,0,0,false,0,false,0,false,,0,0,,,0,,,,,0,,,,0,,0,0,BOX HILL NORTH,saeidnikbin@yahoo.com,Sent off quote to Dean Simanovic from SG Fleet with new discount pricing,,,,,2
13803245,,,,,,,NEW,2026-03-25,,,cancelled,,20-Jul-26,,,,,,,Harmony BYD - VIC,34334,,,,1,3,CLAYTON HOLDING YARD,,,,CANCELLED,OFP,Outside,,,,44955,53293,,No Opportunity,Vrinda Gupta,,No Opportunity,Sonia Lai,,,,,,,HARJAS SINGH,,,0404185000,153630,,,,11047,69c33001a39fa,,,SEALION 7,PREMIUM,COSMOS BLACK,,,NEW,,BLACK,,Nil,0,0,0,0,0,0,0,0,0,0,0,0,false,0,0,0,0,0,0,0,0,0,0,0,0,0,0,0,,,0,0,0,0,,,,,0,,N/A,0,0,0,0,0,0,0,0,,0,0,56548.8,1000.00,0.00,0,0,0,0,0,0,0,0,0,,,0,,0,,,,Incomplete,,,,,,0,0,0,,,,,,,0,0,0,0,0,0,0,0,false,0,false,0,false,,0,0,,,0,,,,,0,,,,0,,0,0,TARNEIT,harjassingh1997@gmail.com,canceled?,,,,,1
13836253,,,,,,,NEW,2026-03-28,PDI DONE,,cancelled,,14-Jul-26,,,,,,,Harmony BYD - VIC,38808,,,,1,3,CANCELLED,,,,CANCELLED,C,Cash,,,,55690,53293,,HOUSE,Vrinda Gupta,,HOUSE,James Boulton,,,,,,,MALIK MUHAMMAD AJAZ,,,0480438142,,,,,9272,69c75f2fd3708,,LC0CE4CB2T4194133,ATTO 2,PREMIUM,SKI WHITE,,,NEW,,BLACK,,Nil,0,0,0,0,0,0,0,0,0,0,0,0,true,0,0,0,0,0,0,0,0,0,0,0,0,0,0,0,,,0,0,0,0,,,,,0,,N/A,0,0,0,0,0,0,0,0,,0,0,39626.1,1000.00,0.00,0,0,0,0,0,0,0,0,0,,,0,,0,,,,Incomplete,,,,,,0,0,0,,,,,,,0,0,0,0,0,0,0,0,false,0,false,0,false,,0,0,,,0,,,,,0,,,,0,,0,0,Kings Park,maliks.shahi@gmail.com,,,,,1,,,,,,1
13836219,,,,,,,NEW,2026-03-29,PDI DONE,,cancelled,,14-Jul-26,,,,,,,Harmony BYD - VIC,,,,,0,0,CANCELLED,,,,CANCELLED,OFP,Outside,,,,55690,57332,,57621,Rowland Godeffroy,,Vinay Viroja,James Boulton,,,,,,,ECORIDE RENTALS PTY LTD,,NITHISH GANGAVELLY,0451175585,,,,,6706,,,SEALION 7,PREMIUM,AURORA WHITE,,,NEW,,BLACK,,Nil,0,0,0,0,0,0,0,0,0,0,0,0,false,0,0,0,0,0,0,0,0,0,0,0,0,0,0,0,,,0,0,0,0,,,,,0,,N/A,0,0,0,0,0,0,0,0,,0,0,0,0.00,0.00,0,0,0,0,0,0,0,0,0,,,0,,0,,,,Incomplete,,,,,,0,0,0,,,,,,,0,0,0,0,0,0,0,0,false,0,false,0,false,,0,0,,,0,,,,,0,,,,0,,0,0,BURNSIDE HEIGHTS,nithish.gangavelly@ecoridemobility.com.au,waiting for quotes with the hire price,,,,1,2
13871466,,,,,,,NEW,2026-04-04,PDI DONE,,cancelled,,24-Aug-26,,,,,,,Harmony BYD - VIC,146482,,,,1,3,CANCELLED,,,,CANCELLED,C,Cash,,,,55690,53293,,No Opportunity,Vrinda Gupta,,No Opportunity,James Boulton,,,,,,,KEY ZONE INVESTMENTS PTY LTD,,RAJEEV GUPTA,0452490039,,69d0a88f94b56,,,,69d0a88f94b56,,,SEALION 7,PREMIUM,AURORA WHITE,,,NEW,,BLACK,,Nil,0,0,0,0,0,0,0,0,0,0,0,0,true,0,0,0,0,0,0,0,0,0,0,0,0,0,0,0,,,0,0,0,0,,,,,0,,N/A,0,0,0,0,0,0,0,0,,0,0,0,0.00,0.00,0,0,0,0,0,0,0,0,0,,,0,,0,,,,Incomplete,,,,,,0,0,0,,,,,,,0,0,0,0,0,0,0,0,false,0,false,0,false,,0,0,,,0,,,,,0,,,,0,,0,0,MOUNT GAMBIER,bpmtgambier@gmail.com,,,,,1
13871478,,,,,,,NEW,2026-04-04,,,cancelled,,24-Aug-26,,,,,,,Harmony BYD - VIC,,,,,0,0,CANCELLED,,,,CANCELLED,C,Cash,,,,55690,53293,,No Opportunity,Vrinda Gupta,,No Opportunity,James Boulton,,,,,,,KEY ZONE INVESTMENTS PTY LTD,,RAJEEV GUPTA,0452490039,,69d0aaa5b2ddb,,,,69d0aaa5b2ddb,,,SEALION 7,PREMIUM,SHARK GREY,,,NEW,,BLACK,,,0,0,0,0,0,0,0,0,0,0,0,0,false,0,0,0,0,0,0,0,0,0,0,0,0,0,0,0,,,0,0,0,0,,,,,0,,N/A,0,0,0,0,0,0,0,0,,0,0,0,0.00,0.00,0,0,0,0,0,0,0,0,0,,,0,,0,,,,Incomplete,,,,,,0,0,0,,,,,,,0,0,0,0,0,0,0,0,false,0,false,0,false,,0,0,,,0,,,,,0,,,,0,,0,0,MOUNT GAMBIER,bpmtgambier@gmail.com
14109673,,,,,,,NEW,2026-04-04,,,cancelled,,24-Aug-26,,,,,,,Harmony BYD - VIC,,,,,0,0,CANCELLED,,,,CANCELLED,C,Cash,,,,55690,53293,,No Opportunity,Vrinda Gupta,,No Opportunity,James Boulton,,,,,,,KEY ZONE INVESTMENTS PTY LTD,,RAJEEV GUPTA,0452490039,,69d0aa65bcdc9,,,,69d0aa65bcdc9,,,SEALION 7,PREMIUM,COSMOS BLACK,,,NEW,,BLACK,,,0,0,0,0,0,0,0,0,0,0,0,0,true,0,0,0,0,0,0,0,0,0,0,0,0,0,0,0,,,0,0,0,0,,,,,0,,N/A,0,0,0,0,0,0,0,0,,0,0,0,0.00,0.00,0,0,0,0,0,0,0,0,0,,,0,,0,,,,Incomplete,,,,,,0,0,0,,,,,,,0,0,0,0,0,0,0,0,false,0,false,0,false,,0,0,,,0,,,,,0,,,,0,,0,0,MOUNT GAMBIER,bpmtgambier@gmail.com
13871973,,,,,,,NEW,2026-04-05,PDI Completed,04:00 PM,31-Aug-26,,,2026-08-31,,2026-08-31,,2026-08-31,2026-04-27,Harmony BYD - VIC,241441,,,,2,2,CAROLINE SPRINGS,,,,DELIVERED,IHA,ANGLE AUTO FINANCE,,,,55690,53293,,53598,Vrinda Gupta,,Steven Leung,James Boulton,,,,,,,TRUSTEE FOR JSSS FAMILY TRUST,,Sabaratnam Sureshkumar,0415177672,,69d1e6d8607c6,,,10436,,EGD050,LGXCD4C47T0241441,SEALION 8,PREMIUM AWD,AURORA WHITE,,,NEW,,BLACK,,BYD 1.88% 3Yr Commercial,79206.95,36,0,0,0,0,0,0,0,1.88,0,1595,true,0,0,0,0,0,0,0,0,0,0,0,0,0,0,0,,,0,0,0,0,,,,11640282,0,,N/A,0,0,0,0,0,0,0,0,,0,0,76137.35,1000.00,0.00,1595,0,0,0,0,0,0,0,0,,,0,,0,,,,Incomplete,,,,,,0,0,0,,,,,,,0,0,0,0,0,0,0,0,false,0,false,0,false,,0,0,,,0,,,,,0,,,,0,,0,0,AINTREE,jisviga28@gmail.com,added Dashcam and BYD 11 KW Charger,,,,1,1
13895859,,,,,,,NEW,2026-04-08,,,TBA,,,,,,,,,Harmony BYD - VIC,109394,,,,1,3,NO ALLOCATION,,,,NOT AVAILABLE,TBA,,,,,,53293,,No Opportunity,Vrinda Gupta,,No Opportunity,,,,,,,,Theresa Duffy,,,0419506927,,69d5ad67459a0,,,,,,,ATTO 1,PREMIUM,PINE LIME,,,NEW,,BLACK,,Nil,0,0,0,0,0,0,0,0,0,0,0,0,true,0,0,0,0,0,0,0,0,0,0,0,0,0,0,0,,,0,0,0,0,,,,,0,,N/A,0,0,0,0,0,0,0,0,,0,0,31848.15,1000.00,0.00,0,0,0,0,0,0,0,0,,,0,,0,,,,Incomplete,,,,,,0,0,0,,,,,,,0,0,0,0,0,0,0,0,false,0,false,0,false,,0,0,,,0,,,,,0,,,,0,,0,0,ST ALBANS,terriduffy4@gmail.com
13946598,,,,,,,NEW,2026-04-15,PDI DONE,,cancelled,,24-Aug-26,,,,,,,Harmony BYD - VIC,175852,,,,1,3,CANCELLED,,,,CANCELLED,IHP,?,,,,,,53293,,,Vrinda Gupta,,,,,,,,,,Raghavendra prasad Sarella,,,0470603451,,69df4ec4c0e98,,,,,,,SEALION 8,PREMIUM AWD,COSMOS BLACK,,,NEW,,,,Nil,0,0,0,0,0,0,0,0,0,0,0,0,false,0,0,0,0,0,0,0,0,0,0,0,0,0,0,0,,,0,0,0,0,,,,,0,,N/A,0,0,0,0,0,0,0,0,,0,0,78369.35,1000.00,0.00,0,0,0,0,0,0,0,0,,,0,,0,,,,Incomplete,,,,,,0,0,0,,,,,,,0,0,0,0,0,0,0,0,false,0,false,0,false,,0,0,,,0,,,,,0,,,,0,,0,0,STRATHTULLOH,rpsarella@gmail.com,,,,,1
13974670,,,,,,,NEW,2026-04-20,PDI DONE,02:30 PM,29-Jul-26,,,2026-07-29,,2026-07-29,,2026-07-29,,Harmony BYD - VIC,74510,,,,1,3,DELIVERED,,,,DELIVERED,FLEET,SG FLEET,,,June 26,,57157,,fleet,Annie Huynh,,fleet,,,,,,,,Jared Hall,,,0402627420,,FLEET69e5b67792e09-1,,,9228,,2FI9AF,LGXCH4CD3T2174510,SEALION 7,PREMIUM,AURORA WHITE,,,NEW,,,,Nil,0,0,0,0,0,0,0,0,0,0,0,0,false,0,0,0,0,0,0,0,0,0,0,0,0,0,0,0,,,0,0,0,0,,,,,0,,N/A,0,0,0,0,0,0,0,0,,0,0,56468.45,56468.45,0.00,0,0,0,0,0,0,0,0,,,0,,0,,,,Incomplete,,,,,,0,0,0,,,,,,,0,0,0,0,0,0,0,0,false,0,false,0,false,,0,0,,,0,,,,,0,,,,0,,0,0,kangaroo flat,jaredhallpt@gmail.com,Remittance received please check VY for cleared funds before releasing the vehicle.,,,,1,7
13987492,,,,,,,NEW,2026-04-21,PDI DONE,11:00 AM,13-Jul-26,,,2026-07-13,,2026-07-13,,2026-07-13,,Harmony BYD - VIC,94072,,,,1,3,DELIVERED,,,,DELIVERED,FLEET,FLARE,,,NC,,44955,,fleet,Sonia Lai,,fleet,,,,,,,,David Bason,,,0420901446,,FLEET69e6f2d5a8687-1,,,9274,,2FI9RF,LC0CE4CB8T4194072,ATTO 2,PREMIUM,SKI WHITE,,,NEW,,,,Nil,0,0,0,0,0,0,0,0,0,0,0,0,true,0,0,0,0,0,0,0,0,0,0,0,0,0,0,0,,,0,0,0,0,,,,,0,,N/A,0,0,0,0,0,0,0,0,,0,0,39667.35,0.00,0.00,0,0,0,0,0,0,0,0,0,,,0,,0,,,,Incomplete,,,,,,0,0,0,,,,,,,0,0,0,0,0,0,0,0,false,0,false,0,false,,0,0,,,0,,,,,0,,,,0,,0,0,NEWTOWN,dmbason@gmail.com,Funds have cleared,,,,1,5
14156672,,,,,,,NEW,2026-05-14,PDI DONE,12:30 PM,15-Jul-26,,,2026-07-15,,2026-07-15,,2026-07-15,,Harmony BYD - VIC,160076,,,,1,3,DELIVERED,,,,DELIVERED,FLEET,SG FLEET,,,June 26,57332,58076,,fleet,Bailey Stavrou,,fleet,Rowland Godeffroy,,,,,,,Lisa Gildersleve,,,0400540058,,FLEET6a05773839311-1,,,8323,,EBI806,LGXCF4CD1T2160076,SEALION 7,PERFORMANCE,COSMOS BLACK,,,NEW,,,,Nil,0,0,0,0,0,0,0,0,0,0,0,0,false,0,0,0,0,0,0,0,0,0,0,0,0,0,0,0,,,0,0,0,0,,,,,0,,N/A,0,0,0,0,0,0,0,0,,0,0,66938.45,66938.45,0.00,0,0,0,0,0,0,0,0,,,0,,0,,,,Incomplete,,,,,,0,0,0,,,,,,,0,0,0,0,0,0,0,0,false,0,false,0,false,,0,0,,,0,,,,,0,,,,0,,0,0,,lisatribolet68@gmail.com,Please make sure you get the customer to sign the Delivery Receipt before they take the car.,,,,1,3
14161777,,,,,,,NEW,2026-05-15,PDI DONE,05:00 PM,16-Jul-26,,,2026-07-16,,2026-07-16,,2026-07-16,,Harmony BYD - VIC,,,,,0,0,DELIVERED,,,,DELIVERED,EFT,Cash,,,,57332,44955,,,Sonia Lai,,,Rowland Godeffroy,,,,,,,Yenuli Dompearachchi,,,0490752242,,6a0686c447807,,,9682,,2FI9LX,LC0CE4CB7T4220239,ATTO 2,PREMIUM,HARBOUR GREY,,,NEW,,,,Nil,0,0,0,0,0,0,0,0,0,0,0,0,true,0,0,0,0,0,0,0,0,0,0,0,0,0,0,0,,,0,0,0,0,,,,,0,,N/A,0,0,0,0,0,0,0,0,,0,0,0,0.00,0.00,0,0,0,0,0,0,0,0,0,,,0,,0,,,,Incomplete,,,,,,0,0,0,,,,,,,0,0,0,0,0,0,0,0,false,0,false,0,false,,0,0,,,0,,,,,0,,,,0,,0,0,,yenuli855@gmail.com,,,,,1
14190441,,,,,,,NEW,2026-05-19,PDI DONE,,cancelled,,20-Jul-26,,,,,,,Harmony BYD - VIC,10421,,,,1,3,CANCELLED,,,,CANCELLED,IHA,ANGLE AUTO FINANCE,,,,57332,57488,,57621,Sadman Chowdhury,,Vinay Viroja,Rowland Godeffroy,,,,,,,Kundai Mahere,,,0466063714,,6a0c07e69cb8c,,,8537,,,ATTO 3,PREMIUM,HARBOUR GREY,,,NEW,,,,Chattel,50870.55,60,0,0,0,0,0,8.99,0,8.99,1119.15,1595,true,508.7,0,0,0,0,0,0,0,0,0,0,0,0,0,0,0,,,0,0,0,0,,,,11679217,8.99,,N/A,0,0,0,0,0,0,0,0,,0,0,0,0.00,0.00,3222.85,0,0,0,0,0,0,0,0,,,0,,0,,,,Incomplete,,,,,,0,0,0,,,,,,,0,0,0,0,0,0,0,0,false,0,false,0,false,,0,0,,,0,,,,,0,,,,0,,0,0,,kundaimahere@aol.com,,,,,1
14202870,,,,,,,NEW,2026-05-20,PDI DONE,09:00 AM,17-Jul-26,,,2026-07-17,,2026-07-17,,2026-07-17,,Harmony BYD - VIC,99571,,,,1,2,DELIVERED,,,,DELIVERED,FLEET,SOUTHGATE,,,,57332,58180,,fleet,Cesur Afacan,,fleet,Rowland Godeffroy,,,,,,,David De Grandi,,,0432955636,,FLEET6a0d4b2a26697-1,,,10113,,2FI9LW,LGXCH6CD0T2199571,SEAL,PREMIUM,ATLANTIS GREY,,,NEW,,,,Nil,0,0,0,0,0,0,0,0,0,0,0,0,false,0,0,0,0,0,0,0,0,0,0,0,0,0,0,0,,,0,0,0,0,,,,,0,,N/A,0,0,0,0,0,0,0,0,,0,0,0,0.00,0.00,0,0,0,0,0,0,0,0,0,,,0,,0,,,,Incomplete,,,,,,0,0,0,,,,,,,0,0,0,0,0,0,0,0,false,0,false,0,false,,0,0,,,0,,,,,0,,,,0,,0,0,,ddegrandi@shckyneton.catholic.edu.au,Funds have cleared,,,Can I invoice,1,3,,,1,,1
14227707,,,,,,,NEW,2026-05-23,,,cancelled,,27-Jul-26,,,,,,,Harmony BYD - VIC,,,,,0,0,CANCELLED,,,,CANCELLED,C,Cash,,,,57332,58183,,No Opportunity,Sunny Singh,,No Opportunity,Rowland Godeffroy,,,,,,,a h m azad,,,0426522843,,6a113b99f13b2,,,11874,,,ATTO 2,DYNAMIC,MIST GREY,,,NEW,,,,Nil,0,0,0,0,0,0,0,0,0,0,0,0,true,0,0,0,0,0,0,0,0,0,0,0,0,0,0,0,,,0,0,0,0,,,,,0,,N/A,0,0,0,0,0,0,0,0,,0,0,0,0.00,0.00,0,0,0,0,0,0,0,0,0,,,0,,0,,,,Incomplete,,,,,,0,0,0,,,,,,,0,0,0,0,0,0,0,0,false,0,false,0,false,,0,0,,,0,,,,,0,,,,0,,0,0,,abu.azad@asawealth.com.au
14229358,,,,,,,NEW,2026-05-24,PDI DONE,02:00 PM,28-Jul-26,,,2026-07-28,,2026-07-28,,2026-07-28,,Harmony BYD - VIC,,,,,0,0,DELIVERED,,,,DELIVERED,FLEET,SG FLEET,,,,57332,57488,,fleet,Sadman Chowdhury,,fleet,Rowland Godeffroy,,,,,,,Vijay Mudunuri,,,0432315243,,6a12688369d0b,,,9250,,2FI9UC,LGXCH4CD7T2174235,SEALION 7,PREMIUM,AURORA WHITE,,,NEW,,,,Nil,0,0,0,0,0,0,0,0,0,0,0,0,false,0,0,0,0,0,0,0,0,0,0,0,0,0,0,0,,,0,0,0,0,,,,,0,,N/A,0,0,0,0,0,0,0,0,,0,0,0,0.00,0.00,0,0,0,0,0,0,0,0,0,,,0,,0,,,,Incomplete,,,,,,0,0,0,,,,,,,0,0,0,0,0,0,0,0,false,0,false,0,false,,0,0,,,0,,,,,0,,,,0,,0,0,,vijay.varma67@gmail.com,Sent follow up email,,,,1,10
14229593,,,,,,,NEW,2026-05-24,PDI DONE,,cancelled,,06-Jul-26,,,,,,,Harmony BYD - VIC,,,,,0,0,CANCELLED,,,,CANCELLED,FLEET,SMART LEASING,,,,57332,58011,,fleet,Amanpreet Singh,,fleet,Rowland Godeffroy,,,,,,,Umangi Bhavsa,,,0425231890,,INV6a128a5796fa3,,,9617,,,SEALION 7,PREMIUM,AURORA WHITE,,,NEW,,,,Nil,0,0,0,0,0,0,0,0,0,0,0,0,true,0,0,0,0,0,0,0,0,0,0,0,0,0,0,0,,,0,0,0,0,,,,,0,,N/A,0,0,0,0,0,0,0,0,,0,0,0,0.00,0.00,0,0,0,0,0,0,0,0,0,,,0,,0,,,,Incomplete,,,,,,0,0,0,,,,,,,0,0,0,0,0,0,0,0,false,0,false,0,false,,0,0,,,0,,,,,0,,,,0,,0,0,,umangi5100@gmail.com,Do we have a contact with Smart Leasing so I can invoice,,,,1,3
14248766,,,,,,,NEW,2026-05-27,,,30-Sep-26,,,,,,,,,Harmony BYD - VIC,437842,,,,1,3,CLAYTON PD,,,,ALLOCATED,FLEET,SMART LEASING,,,June 26,58134,56868,,fleet,Kahlia Duncan,,fleet,Tim Forbes,57750,,,Angie Liu,,,Alvin Sicat,Virgin Australia Group Pty Ltd,Alvin Gutierrez Sicat,0424310658,,FLEET6a16362531aa6-1,,,9887,,,LC0CE4CB6T4237842,ATTO 2,DYNAMIC,SKI WHITE,,,NEW,,,,Nil,0,0,0,0,0,0,0,0,0,0,0,0,false,0,0,0,0,0,0,0,0,0,0,0,0,0,0,0,,,0,0,0,0,,,,,0,,N/A,0,0,0,0,0,0,0,0,,0,0,34039.65,0.00,0.00,0,0,0,0,0,0,0,0,0,,,0,,0,,,,Incomplete,,,,,,0,0,0,,,,,,,0,0,0,0,0,0,0,0,false,0,false,0,false,,0,0,,,0,,,,,0,,,,0,,0,0,TULLAMARINE,al.sicat@virginaustralia.com,Still waiting for confirmation from Smart Leasing if this order is cancelled,,,,,5
14276545,,,,,,,NEW,2026-05-29,,,cancelled,,16-Jul-26,,,,,,,Harmony BYD - VIC,,,,,0,0,CANCELLED,,,,CANCELLED,C,Cash,,,?,57332,58183,,HOUSE,Sunny Singh,,HOUSE,Rowland Godeffroy,,,,,,,Sachin Handa,,,0477281158,,6a19328121132,,,11923,,,SEALION 6,DYNAMIC EXTENDED,COSMOS BLACK,,,NEW,,,,Nil,0,0,0,0,0,0,0,0,0,0,0,0,true,0,0,0,0,0,0,0,0,0,0,0,0,0,0,0,,,0,0,0,0,,,,,0,,N/A,0,0,0,0,0,0,0,0,,0,0,0,0.00,0.00,0,0,0,0,0,0,0,0,0,,,0,,0,,,,Incomplete,,,,,,0,0,0,,,,,,,0,0,0,0,0,0,0,0,false,0,false,0,false,,0,0,,,0,,,,,0,,,,0,,0,0,,,,,
14280375,,,,,,,NEW,2026-05-27,PDI DONE,10:00 AM,23-Jun-26,,,2026-06-23,,2026-07-23,,2026-07-23,2026-06-18,Harmony BYD - VIC,,,,,0,0,DELIVERED,,,,DELIVERED,IHA,ANGLE AUTO FINANCE,,,,57332,58011,,57621,Amanpreet Singh,,Vinay Viroja,Rowland Godeffroy,,,,,,,THE TRUSTEE FOR MANNAT LOGISTICS,,,0430522094,,6a16de6dc2d9c,,,9669,,V6CC,LGXCD4C47T0242573,SEALION 8,PREMIUM AWD,RIDGE GREY,,,NEW,,,,BYD 1.88% 3Yr Commercial,59836.75,36,0,0,0,0,0,1.88,0,1.88,0,1595,true,0,0,0,0,0,0,0,0,0,0,0,0,0,0,0,,,0,0,0,0,,,,11692774,1.88,,N/A,0,0,0,0,0,0,0,0,,0,0,0,0.00,0.00,1595,0,0,0,0,0,0,0,0,,,0,,0,,,,Incomplete,,,,,,0,0,0,,,,,,,0,0,0,0,0,0,0,0,false,0,false,0,false,,0,0,,,0,,,,,0,,,,0,,0,0,,pardeep_kahlon1982@yahoo.com,,,,,1,,,,,,2
14283327,,,,,,,NEW,2026-06-01,PDI DONE,02:00 PM,20-Jun-26,,,2026-06-20,,2026-07-20,,2026-07-20,,Harmony BYD - VIC,52742,,,,1,3,DELIVERED,,,,DELIVERED,FLEET,SG FLEET,,,,58134,56868,,fleet,Kahlia Duncan,,fleet,Tim Forbes,57750,,,Angie Liu,,,Naomi Curtin,Victoria Police,Naomi Curtin,0433117768,,FLEET6a1cd844c6a77,,,7233,,ECB667,LGXCF6CD0T2152742,Seal,performance,Aurora White,,,NEW,,,,Nil,0,0,0,0,0,0,0,0,0,0,0,0,false,0,0,0,0,0,0,0,0,0,0,0,0,0,0,0,,,0,0,0,0,,,,,0,,N/A,0,0,0,0,0,0,0,0,,0,0,63525.45,63525.45,0.00,0,0,0,0,0,0,0,0,,,0,,0,,,,Incomplete,,,,,,0,0,0,,,,,,,0,0,0,0,0,0,0,0,false,0,false,0,false,,0,0,,,0,,,,,0,,,,0,,0,0,AIRPORT WEST,naomi.curtin@police.vic.gov.au,Are you guys doing manual reg? customer is complaining to SG Fleet that she cannot pick up the car,,,,1,4
14282820,,,,,,,NEW,2026-06-01,PDI DONE,09:30 AM,27-Jul-26,,,2026-07-27,,2026-07-27,,2026-07-27,,Harmony BYD - VIC,2201185,,,,2,3,DELIVERED,,,,DELIVERED,FLEET,SG FLEET,,,,58134,56868,,fleet,Kahlia Duncan,,fleet,Tim Forbes,57750,,,Angie Liu,,,Anthony Knowles,Hitachi Energy Australia Pty Ltd,Anthony Knowles,0437060850,,FLEET6a1cc2e35ea59,,,10155,FLEET6a1cc2e35ea59,2FI9TP,LGXCH4CD1T2201185,SEALION 7,Premium,COSMOS BLACK,,,NEW,,BLACK,,Nil,0,0,0,0,0,0,0,0,0,0,0,0,true,0,0,0,0,0,0,0,0,0,0,0,0,0,0,0,,,0,0,0,0,,,,,0,,N/A,0,0,0,0,0,0,0,0,,0,0,58035.65,0.00,0.00,0,0,0,0,0,0,0,0,0,,,0,,0,,,,Incomplete,,,,,,0,0,0,,,,,,,0,0,0,0,0,0,0,0,false,0,false,0,false,,0,0,,,0,,,,,0,,,,0,,0,0,CLIFTON SPRINGS,anthony.knowles@hitachienergy.com,Remittance received please book in delivery just check for cleared funds prior to release,,,,1,7
14303599,,,,,,,NEW,2026-06-03,PDI DONE,02:00 PM,08-Jul-26,,,2026-07-08,,2026-07-08,,2026-07-08,,Harmony BYD - VIC,73933,,,,1,3,DELIVERED,,,,DELIVERED,FLEET,SOUTHGATE,,,,58134,56868,,fleet,Kahlia Duncan,,fleet,Tim Forbes,57750,,,Angie Liu,,,Brendan McLoughlin,BACCHUS MARSH GRAMMAR,Brendan McLoughlin,0411720284,,FLEET6a1f6874c9e83,,,9233,FLEET6a1f6874c9e83,2FI9QT,LGXCH4CD4T2173933,SEALION 7,PREMIUM,AURORA WHITE,,,NEW,,,,Nil,0,0,0,0,0,0,0,0,0,0,0,0,true,0,0,0,0,0,0,0,0,0,0,0,0,0,0,0,,,0,0,0,0,,,,,0,CERAMIC WINDOW TINT,N/A,0,0,0,0,0,0,0,0,,0,0,57227.05,57227.05,0.00,0,0,0,0,0,0,0,0,0,,,0,,0,,,,Incomplete,,,,,,0,0,0,,,,,,,0,0,0,0,0,0,0,0,false,0,false,0,false,,0,0,,,0,,,,,0,,,,0,,0,0,GISBORNE,MCLOUGHLINB@BIGPOND.COM,Funds have cleared,,,,1,7
14308940,,,,,,,NEW,2026-06-03,PDI DONE,09:00 AM,01-Jul-26,,,2026-07-01,,2026-07-13,,2026-07-13,,Harmony BYD - VIC,,,,,0,0,DELIVERED,,,,DELIVERED,FLEET,Simply Green,,,,57332,58076,,fleet,Bailey Stavrou,,fleet,Rowland Godeffroy,,,,,,,Pushparekha Munirangegowda,,,0432736607,,6a1faf699a9b3,,,9209,,2FI9PO,LGXCF4CD9T2169074,SEALION 7,PERFORMANCE,ATLANTIS GREY,,,NEW,,,,Nil,0,0,0,0,0,0,0,0,0,0,0,0,true,0,0,0,0,0,0,0,0,0,0,0,0,0,0,0,,,0,0,0,0,,,,,0,,N/A,0,0,0,0,0,0,0,0,,0,0,67008.85,67008.85,0.00,0,0,0,0,0,0,0,0,0,,,0,,0,,,,Incomplete,,,,,,0,0,0,,,,,,,0,0,0,0,0,0,0,0,false,0,false,0,false,,0,0,,,0,,,,,0,,,,0,,0,0,,manjeshbr@gmail.com,Remittance received. Pls organize delivery once the money cleared.,,,,1,2
14309060,,,,,,,NEW,2026-06-03,PDI DONE,,30-Jun-26,,,2026-06-30,,2026-07-30,,2026-06-30,,Harmony BYD - VIC,76032,,,,1,3,CAROLINE SPRINGS,,,,DELIVERED,FLEET,SG FLEET,,,June 26,57332,58183,,fleet,Sunny Singh,,fleet,Rowland Godeffroy,,,,,,,Dwight Cruz,,,0406774604,,6a1f7bf0e34d5,,,5735,,2FI9OV,LGXCD4C44T0176032,SEALION 8,DYNAMIC AWD,COSMOS BLACK,,,NEW,,,,Nil,0,0,0,0,0,0,0,0,0,0,0,0,true,0,0,0,0,0,0,0,0,0,0,0,0,0,0,0,,,0,0,0,0,,,,,0,,N/A,0,0,0,0,0,0,0,0,,0,0,70633.95,70633.95,0.00,0,0,0,0,0,0,0,0,0,,,0,,0,,,,Incomplete,,,,,,0,0,0,,,,,,,0,0,0,0,0,0,0,0,false,0,false,0,false,,0,0,,,0,,,,,0,,,,0,,0,0,,oklanc@yahoo.com,Remittance received. Pls organize delivery once the money cleared.,,,,1,4
14312992,,,,,,,NEW,2026-06-04,PDI DONE,,cancelled,,03-Jul-26,,,,,,,Harmony BYD - VIC,14681,,,,1,3,CANCELLED,,,,CANCELLED,C,Cash,,,June 26,57332,59400,,HOUSE,Gary Goh,,HOUSE,Rowland Godeffroy,,,,,,,ABDURAZAK ALI,,,0452268562,,6a20d8f0f2f1b,,,8354,,,ATTO 1,PREMIUM,COSMOS BLACK,,,NEW,,,,Nil,0,0,0,0,0,0,0,0,0,0,0,0,true,0,0,0,0,0,0,0,0,0,0,0,0,0,0,0,,,0,0,0,0,,,,,0,,N/A,0,0,0,0,0,0,0,0,,0,0,0,0.00,0.00,0,0,0,0,0,0,0,0,0,,,0,,0,,,,Incomplete,,,,,,0,0,0,,,,,,,0,0,0,0,0,0,0,0,false,0,false,0,false,,0,0,,,0,,,,,0,,,,0,,0,0,,zak0003112@icloud.com,,,,,1
14319385,,,,,,,NEW,2026-06-05,PDI DONE,02:00 PM,17-Jul-26,,,2026-07-17,,2026-07-17,,2026-07-17,,Harmony BYD - VIC,47773,,,,1,3,DELIVERED,,,,DELIVERED,FLEET,FLARE,,,,58134,56868,,fleet,Kahlia Duncan,,fleet,Tim Forbes,57750,,,Angie Liu,,,Kim Saed,,Kim Saed,61478714984,,FLEET6a22235ff31df,,,9617,,2FI9LP,LGXCH4CD0T2180314,SEALION 7,PREMIUM,AURORA WHITE,,,NEW,,,,Nil,0,0,0,0,0,0,0,0,0,0,0,0,true,0,0,0,0,0,0,0,0,0,0,0,0,0,0,0,,,0,0,0,0,,,,,0,,N/A,0,0,0,0,0,0,0,0,,0,0,56598.25,56598.25,0.00,0,0,0,0,0,0,0,0,0,,,0,,0,,,,Incomplete,,,,,,0,0,0,,,,,,,0,0,0,0,0,0,0,0,false,0,false,0,false,,0,0,,,0,,,,,0,,,,0,,0,0,KINGS PARK,kim.saed@cenitex.vic.gov.au,Remittance received. Pls organize delivery once the money cleared.,,,,1,6
14324863,,,,,,,NEW,2026-06-05,PDI DONE,,30-Jun-26,,,2026-06-30,,2026-07-01,,2026-07-01,,Harmony BYD - VIC,,,,,0,0,DELIVERED,,,,DELIVERED,FLEET,SG FLEET,,,June 26,58134,56868,,fleet,Kahlia Duncan,,fleet,Tim Forbes,57750,,,Angie Liu,,,Mini Mathur,National Australia Bank Limited,Mini Mathur,0480236823,FLEET6a225f4c2e864,FLEET6a225f4c2e864,,,10135,,2FF2BM,LGXCH4CD8T2199838,SEALION 7,PREMIUM,COSMOS BLACK,,,NEW,,,,Nil,0,0,0,0,0,0,0,0,0,0,0,0,true,0,0,0,0,0,0,0,0,0,0,0,0,0,0,0,,,0,0,0,0,,,,,0,,N/A,0,0,0,0,0,0,0,0,,0,0,58106.05,58106.05,0.00,0,0,0,0,0,0,0,0,0,,,0,,0,,,,Incomplete,,,,,,0,0,0,,,,,,,0,0,0,0,0,0,0,0,false,0,false,0,false,,0,0,,,0,,,,,0,,,,0,,0,0,TRUGANINA,itsprashantmathur@gmail.com,Remittance received. Pls organize delivery once the money cleared.,,,,1,5
14325764,,,,,,,NEW,2026-06-05,PDI DONE,04:30 PM,29-Jul-26,,,2026-07-29,,2026-07-29,,2026-07-29,,Harmony BYD - VIC,,,,,0,0,DELIVERED,,,,DELIVERED,FLEET,SG FLEET,,,,58134,56868,,fleet,Kahlia Duncan,,fleet,Tim Forbes,57750,,,Angie Liu,,,Aikaterini Orfanou,Department of Justice and Community Safety,Aikaterini Orfanou,0410761163,FLEET6a227604c3dd6,FLEET6a227604c3dd6,,,9696,,2FI9AN,LC0CE4CBXT4201152,ATTO 2,PREMIUM,HARBOUR GREY,,,NEW,,,,Nil,0,0,0,0,0,0,0,0,0,0,0,0,false,0,0,0,0,0,0,0,0,0,0,0,0,0,0,0,,,0,0,0,0,,,,,0,,N/A,0,0,0,0,0,0,0,0,,0,0,38358.05,38358.05,0.00,0,0,0,0,0,0,0,0,0,,,0,,0,,,,Incomplete,,,,,,0,0,0,,,,,,,0,0,0,0,0,0,0,0,false,0,false,0,false,,0,0,,,0,,,,,0,,,,0,,0,0,MANOR LAKES,kat.orfanou@justice.vic.gov.au,Funds have cleared,,,,1,26
14325954,,,,,,,NEW,2026-06-05,PDI DONE,,cancelled,,14-Jul-26,,,,,,,Harmony BYD - VIC,,,,,0,0,CANCELLED,,,,CANCELLED,IHP,?,,,,57332,53293,,57621,Vrinda Gupta,,Vinay Viroja,Rowland Godeffroy,,,,,,,Best Mobile Phone Ptty Ltd,,Harroop Singh,0406896481,,6a222b3136ed3,,,9899,,,SEALION 5,PREMIUM,COSMOS BLACK,,,NEW,,,,Nil,0,0,0,0,0,0,0,0,0,0,0,0,false,0,0,0,0,0,0,0,0,0,0,0,0,0,0,0,,,0,0,0,0,,,,,0,,N/A,0,0,0,0,0,0,0,0,,0,0,0,0.00,0.00,0,0,0,0,0,0,0,0,0,,,0,,0,,,,Incomplete,,,,,,0,0,0,,,,,,,0,0,0,0,0,0,0,0,false,0,false,0,false,,0,0,,,0,,,,,0,,,,0,,0,0,,online@bestmobilephone.com.au,,,,,1
14326132,,,,,,,NEW,2026-06-05,PDI DONE,04:30 PM,22-Jul-26,,,2026-07-22,,2026-07-22,,2026-07-22,,Harmony BYD - VIC,,,,,0,0,DELIVERED,,,,DELIVERED,C,Cash,,,June 26,57332,58183,,No Opportunity,Sunny Singh,,No Opportunity,Rowland Godeffroy,,,,,,,Theresa White,,,0499055115,,6a220dc81a95c,,,10151,,2FI9TY,LC0CE4CB2T0150687,DOLPHIN,PREMIUM,SKI WHITE,,,NEW,,,,Nil,0,0,0,0,0,0,0,0,0,0,0,0,true,0,0,0,0,0,0,0,0,0,0,0,0,0,0,0,,,0,0,0,0,,,,,0,,N/A,0,0,0,0,0,0,0,0,,0,0,0,0.00,0.00,0,0,0,0,0,0,0,0,0,,,0,,0,,,,Incomplete,,,,,,0,0,0,,,,,,,0,0,0,0,0,0,0,0,false,0,false,0,false,,0,0,,,0,,,,,0,,,,0,,0,0,,theresa_peart@yahoo.com,cx booked for Wednesday 4:30 - made payment and signing contract,,,,1,1
14331441,,,,,,,NEW,2026-06-06,PDI DONE,10:00 AM,10-Jul-26,,,2026-07-10,,2026-07-15,,2026-07-15,,Harmony BYD - VIC,,,,,0,0,DELIVERED,,,,DELIVERED,FLEET,NOVATED LEASE AUSTRALIA,,,,57332,57488,,No Opportunity,Sadman Chowdhury,,No Opportunity,Rowland Godeffroy,,,,,,,Sarah Addison,,,0410695504,,6a23b6d7258c2,,,10145,,EBI834,LGXCH4CDXT2199887,SEALION 7,PREMIUM,COSMOS BLACK,,,NEW,,,,Nil,0,0,0,0,0,0,0,0,0,0,0,0,false,0,0,0,0,0,0,0,0,0,0,0,0,0,0,0,,,0,0,0,0,,,,,0,,N/A,0,0,0,0,0,0,0,0,,0,0,58361.85,58361.85,0.00,0,0,0,0,0,0,0,0,0,,,0,,0,,,,Incomplete,Rav 4,,BFA227,Marco Yuan,Marco Yuan,24500,0,1,JTMY43FV90D510853,,,,,,0,0,0,0,0,0,0,0,false,0,false,0,false,,0,0,,,0,,Toyota,,,0,50814,,,0,,0,0,,sarsaddi1976@gmail.com,Funds have cleared,,,,1,5
14331637,,,,,,,NEW,2026-06-06,PDI DONE,03:00 PM,13-Jul-26,,,2026-07-14,,2026-07-15,,2026-07-15,,Harmony BYD - VIC,,,,,0,0,DELIVERED,,,,DELIVERED,LEASE,,,,,57332,53293,,fleet,Vrinda Gupta,,fleet,Rowland Godeffroy,,,,,,,Edgar Campos,,,0413241808,,6a238f85a3665,,,10122,,2FI9RA,LGXCH4CD2T2192318,SEALION 7,PREMIUM,COSMOS BLACK,,,NEW,,,,Nil,0,0,0,0,0,0,0,0,0,0,0,0,true,0,0,0,0,0,0,0,0,0,0,0,0,0,0,0,,,0,0,0,0,,,,,0,,N/A,0,0,0,0,0,0,0,0,,0,0,0,0.00,0.00,0,0,0,0,0,0,0,0,0,,,0,,0,,,,Incomplete,,,,,,0,0,0,,,,,,,0,0,0,0,0,0,0,0,false,0,false,0,false,,0,0,,,0,,,,,0,,,,0,,0,0,,edgar.c@live.com.au,,,,,1
14331694,,,,,,,NEW,2026-06-06,,04:00 PM,31-Jul-26,,,2026-07-31,,2026-07-31,,2026-07-31,,Harmony BYD - VIC,304692,,,,6,1,DELIVERED,,,,DELIVERED,FLEET,SG FLEET,,,,57332,54504,,fleet,Gunesh Ramu,,fleet,Rowland Godeffroy,,,,,,,Allan Pamintuan,,,0422924031,,6a237687e3fbf,,,11390,,2FI5YO,LPE19W2A6TF304692,SHARK 6,PREMIUM,MIST GREY,,,NEW,,,,Nil,0,0,0,0,0,0,0,0,0,0,0,0,true,0,0,0,0,0,0,0,0,0,0,0,0,0,0,0,,,0,0,0,0,,,,,0,,N/A,0,0,0,0,0,0,0,0,,0,0,66411.75,66411.75,0.00,0,0,0,0,0,0,0,0,0,,,0,,0,,,,Incomplete,,,,,,0,0,0,,,,,,,0,0,0,0,0,0,0,0,false,0,false,0,false,,0,0,,,0,,,,,0,,,,0,,0,0,,apamintuan10@gmail.com,Remittance received,,,,,7
14331741,,,,,,,NEW,2026-06-06,PDI DONE,04:30 PM,21-Jul-26,,,2026-07-21,,2026-07-22,,2026-07-22,,Harmony BYD - VIC,,,,,0,0,DELIVERED,,,,DELIVERED,LEASE,?,,,June 26,57332,57157,,fleet,Annie Huynh,,fleet,Rowland Godeffroy,,,,,,,Weerawardana De Silva,,,0401375795,,6a2376c071cff,,,10069,,EBI787,LC0CE4CB4T4277854,ATTO 2,PREMIUM,SKI WHITE,,,NEW,,,,Nil,0,0,0,0,0,0,0,0,0,0,0,0,false,0,0,0,0,0,0,0,0,0,0,0,0,0,0,0,,,0,0,0,0,,,,,0,,N/A,0,0,0,0,0,0,0,0,,0,0,37792.25,37792.25,0.00,0,0,0,0,0,0,0,0,0,,,0,,0,,,,Incomplete,,,,,,0,0,0,,,,,,,0,0,0,0,0,0,0,0,false,0,false,0,false,,0,0,,,0,,,,,0,,,,0,,0,0,,priya.desilva@gmail.com,Hi Mate Just a gentle reminder this is a SG Fleet delivery so will need the paperwork,,,,1,6
14331767,,,,,,,NEW,2026-06-06,PDI DONE,04:00 PM,09-Jul-26,,,2026-07-09,,2026-07-09,,2026-07-09,2026-07-06,Harmony BYD - VIC,,,,,0,0,DELIVERED,,,,DELIVERED,IHA,ANGLE AUTO FINANCE,,,,57332,54504,,57621,Gunesh Ramu,,Vinay Viroja,Rowland Godeffroy,,,,,,,Alana Bentley,,,0400417779,,6a2373a58d158,,,10125,,2FI9RE,LGXCH4CD4T2192398,SEALION 7,PREMIUM,COSMOS BLACK,,,NEW,,,,CONSUMER LOAN,65805.75,84,0,0,0,0,0,9.34,0,9.34,677.9,1395,true,329.02,0,0,0,0,0,0,0,0,0,0,0,0,0,0,0,,,0,0,0,0,,,,11702952,11.16,,N/A,0,0,0,0,0,0,0,0,,0,0,0,0.00,0.00,2401.92,0,0,0,0,0,0,0,0,,,0,,0,,,,Incomplete,,,,,,0,0,0,,,,,,,0,0,0,0,0,0,0,0,false,0,false,0,false,,0,0,,,0,,,,,0,,,,0,,0,0,,lana.jess94@gmail.com,,,,,1
14331884,,,,,,,NEW,2026-06-06,PDI DONE,10:00 AM,27-Jun-26,,,2026-06-27,,2026-07-30,,2026-07-30,2026-06-24,Harmony BYD - VIC,,,,,0,0,DELIVERED,,,,DELIVERED,IHA,ANGLE AUTO FINANCE,,,,57332,58011,,57621,Amanpreet Singh,,Vinay Viroja,Rowland Godeffroy,,,,,,,IRID DOMINGO,,,0430910333,,INV6a23b50c4fd83,,,9605,,ECB590,LGXCD4C46T0253578,SEALION 6,PREMIUM EXTENDED,ARTIC WHITE,,,NEW,,,,BYD 3.88% 5yr Consumer,53421.95,60,0,0,0,0,0,3.88,0,3.88,0,1395,true,0,0,0,0,0,0,0,0,0,0,0,0,0,0,0,,,0,0,0,0,,,,11703078,3.88,,N/A,0,0,0,0,0,0,0,0,,0,0,0,0.00,0.00,1395,0,0,0,0,0,0,0,0,,,0,,0,,,,Incomplete,,,,,,0,0,0,,,,,,,0,0,0,0,0,0,0,0,false,0,false,0,false,,0,0,,,0,,,,,0,,,,0,,0,0,,ridjoyz26@yahoo.com,,,,,1
14336000,,,,,,,NEW,2026-06-08,PDI DONE,11:00 AM,09-Jul-26,,,2026-07-09,,2026-07-09,,2026-07-09,,Harmony BYD - VIC,,,,,0,0,DELIVERED,,,,DELIVERED,FLEET,SMART LEASING,,,,57332,44955,,fleet,Sonia Lai,,fleet,Rowland Godeffroy,,,,,,,Binita Bista,,,0406449789,,6a2656a1864aa,,,10054,,2FI9QL,LGXCH6CD1T2191382,SEAL,PREMIUM,SHARK GREY,,,NEW,,,,Nil,0,0,0,0,0,0,0,0,0,0,0,0,true,0,0,0,0,0,0,0,0,0,0,0,0,0,0,0,,,0,0,0,0,,,,,0,,N/A,0,0,0,0,0,0,0,0,,0,0,0,0.00,0.00,0,0,0,0,0,0,0,0,0,,,0,,0,,,,Incomplete,,,,,,0,0,0,,,,,,,0,0,0,0,0,0,0,0,false,0,false,0,false,,0,0,,,0,,,,,0,,,,0,,0,0,,choratrijal@gmail.com,Tim sent off invoice,,,,1,3
14347078,,,,,,,NEW,2026-06-09,,,cancelled,,04-Aug-26,,,,,,,Harmony BYD - VIC,,,,,0,0,CANCELLED,,,,CANCELLED,IHA,ANGLE AUTO FINANCE,,,,57332,57089,,57621,Harindu Gajamange,,Vinay Viroja,Rowland Godeffroy,,,,,,,PBH Enterprises,,,0410400005,,6a27bb15538cb,,,12417,,,SHARK 6,PREMIUM,GREAT WHITE,,,NEW,,,,Nil,0,0,0,0,0,0,0,0,0,0,0,0,true,0,0,0,0,0,0,0,0,0,0,0,0,0,0,0,,,0,0,0,0,,,,,0,,N/A,0,0,0,0,0,0,0,0,,0,0,0,0.00,0.00,0,0,0,0,0,0,0,0,0,,,0,,0,,,,Incomplete,,,,,,0,0,0,,,,,,,0,0,0,0,0,0,0,0,false,0,false,0,false,,0,0,,,0,,,,,0,,,,0,,0,0,,hussanpannu@gmail.com
14347095,,,,,,,NEW,2026-06-09,PDI DONE,04:00 PM,13-Jul-26,,,2026-07-13,,2026-07-15,,2026-07-15,,Harmony BYD - VIC,,,,,0,0,DELIVERED,,,,DELIVERED,FLEET,Oly,,,,57332,58011,,Fleet,Amanpreet Singh,,Fleet,Rowland Godeffroy,,,,,,,Dimitris Trasteli,,,0423229217,,6a2786c7e48cb,,,10059,,2FI9QY,LGXCH4CD2T2192349,SEALION 7,PREMIUM,COSMOS BLACK,,,NEW,,,,Nil,0,0,0,0,0,0,0,0,0,0,0,0,true,0,0,0,0,0,0,0,0,0,0,0,0,0,0,0,,,0,0,0,0,,,,,0,,N/A,0,0,0,0,0,0,0,0,,0,0,58486.85,58486.85,0.00,0,0,0,0,0,0,0,0,0,,,0,,0,,,,Incomplete,,,,,,0,0,0,,,,,,,0,0,0,0,0,0,0,0,false,0,false,0,false,,0,0,,,0,,,,,0,,,,0,,0,0,,dctrasteli@bigpond.com,Funds have cleared,,,,1,4
14347798,,,,,,,NEW,2026-06-10,,,30-Sep-26,,,,,,,,,Harmony BYD - VIC,2239634,,,,1,3,CLAYTON PD,,,,ALLOCATED,FLEET,MAXXIA,,,,58134,56868,,fleet,Kahlia Duncan,,fleet,Tim Forbes,57750,,,Angie Liu,,,Sharon Welsh,Western Health,Sharon Welsh,0416093902,FLEET6a28a1a9d5766,FLEET6a28a1a9d5766,,,13075,,SHAZXX,LGXCH4CD7T2239634,ATTO 3,PREMIUM,HARBOUR GREY,,,NEW,,,,Nil,0,0,0,0,0,0,0,0,0,0,0,0,true,0,0,0,0,0,0,0,0,0,0,0,0,0,0,0,,,0,0,0,0,,,,,0,,N/A,0,0,0,0,0,0,0,0,,0,0,47421.04,0.00,0.00,0,0,0,0,0,0,0,0,0,,,0,,0,,,,Incomplete,,,,,,0,0,0,,,,,,,0,0,0,0,0,0,0,0,false,0,false,0,false,,0,0,,,0,,,,,0,,,,0,,0,0,HILLSIDE,sharon.welsh2@wh.org.au,Customer wants to register their own plate,,,,,6
14357055,,,,,,,NEW,2026-06-10,,,cancelled,,08-Jul-26,,,,,,,Harmony BYD - VIC,,,,,0,0,CANCELLED,,,,CANCELLED,IHP,,,,,57332,44955,,HOUSE,Sonia Lai,,HOUSE,Rowland Godeffroy,,,,,,,NewWay Solutions Pty Ltd,,,0458843608,,6a28cc72de30c,,,TBA,,,,SHARK 6,PREMIUM,GREAT WHITE,,,NEW,,,,Nil,0,0,0,0,0,0,0,0,0,0,0,0,true,0,0,0,0,0,0,0,0,0,0,0,0,0,0,0,,,0,0,0,0,,,,,0,,N/A,0,0,0,0,0,0,0,0,,0,0,0,0.00,0.00,0,0,0,0,0,0,0,0,0,,,0,,0,,,,Incomplete,,,,,,0,0,0,,,,,,,0,0,0,0,0,0,0,0,false,0,false,0,false,,0,0,,,0,,,,,0,,,,0,,0,0,,vee@nwsrecruit.com
14357071,,,,,,,NEW,2026-06-10,PDI DONE,01:00 PM,10-Jul-26,,,2026-07-10,,2026-07-10,,2026-07-10,,Harmony BYD - VIC,,,,,0,0,DELIVERED,,,,DELIVERED,C,Cash,,,,57332,57488,,HOUSE,Sadman Chowdhury,,HOUSE,Rowland Godeffroy,,,,,,,Georgia Christo,,,0414446938,,6a28c744f150c,,,9934,,EBI797,LC0CE4CB1T4256556,ATTO 2,PREMIUM,HARBOUR GREY,,,NEW,,,,Nil,0,0,0,0,0,0,0,0,0,0,0,0,true,0,0,0,0,0,0,0,0,0,0,0,0,0,0,0,,,0,0,0,0,,,,,0,,N/A,0,0,0,0,0,0,0,0,,0,0,0,0.00,0.00,0,0,0,0,0,0,0,0,0,,,0,,0,,,,Incomplete,,,,,,0,0,0,,,,,,,0,0,0,0,0,0,0,0,false,0,false,0,false,,0,0,,,0,,,,,0,,,,0,,0,0,,gnotes11@icloud.com,,,,,1
14357248,,,,,,,NEW,2026-06-10,,,30-Jul-26,,,2026-07-30,,2026-07-30,,2026-07-30,,Harmony BYD - VIC,7108482,,,,3,2,DELIVERED,,,,DELIVERED,FLEET,FLEET,,,,58134,56868,,fleet,Kahlia Duncan,,fleet,Tim Forbes,57750,,,Angie Liu,,,Autoflex Leasing Australia Pty Ltd,,Angelo Fiacchi,1300591811,,FLEET6a28dd85daa5a-1,,,11857,,2FI9TQ,LC0C74C41T7108482,SEALION 5,PREMIUM,COSMOS BLACK,,,NEW,,,,Nil,0,0,0,0,0,0,0,0,0,0,0,0,true,0,0,0,0,0,0,0,0,0,0,0,0,0,0,0,,,0,0,0,0,,,,,0,,N/A,0,0,0,0,0,0,0,0,,0,0,0,0.00,0.00,0,0,0,0,0,0,0,0,0,,,0,,0,,,,Incomplete,,,,,,0,0,0,,,,,,,0,0,0,0,0,0,0,0,false,0,false,0,false,,0,0,,,0,,,,,0,,,,0,,0,0,,enquiries@rentbuyit.com.au,All good to register and count for this month,,,,,3
14357253,,,,,,,NEW,2026-06-10,PDI DONE,11:30 AM,09-Jul-26,,,2026-07-09,,2026-07-09,,2026-07-09,,Harmony BYD - VIC,,,,,0,0,DELIVERED,,,,DELIVERED,FLEET,FLEET,,,,58134,56868,,fleet,Kahlia Duncan,,fleet,Tim Forbes,57750,,,Angie Liu,,,Autoflex Leasing Australia Pty Ltd,,Angelo Fiacchi,1300591811,,FLEET6a28dc4cc7f5f-1,,,10148,,2FI9PQ,LPE19W2A6TF276571,SHARK 6,PREMIUM,TIDAL BLACK,,,NEW,,,,Nil,0,0,0,0,0,0,0,0,0,0,0,0,true,0,0,0,0,0,0,0,0,0,0,0,0,0,0,0,,,0,0,0,0,,,,,0,,N/A,0,0,0,0,0,0,0,0,,0,0,0,0.00,0.00,0,0,0,0,0,0,0,0,0,,,0,,0,,,,Incomplete,,,,,,0,0,0,,,,,,,0,0,0,0,0,0,0,0,false,0,false,0,false,,0,0,,,0,,,,,0,,,,0,,0,0,,enquiries@rentbuyit.com.au,,,,,1
14358189,,,,,,,NEW,2026-06-11,PDI DONE,04:00 PM,17-Jul-26,,,2026-07-17,,2026-07-17,,2026-07-17,,Harmony BYD - VIC,,,,,0,0,DELIVERED,,,,DELIVERED,FLEET,SG FLEET,,,,58134,56868,,fleet,Kahlia Duncan,,fleet,Tim Forbes,57750,,,Angie Liu,,,Jennifer Moffat,Department of Justice and Community Safety,Jennifer Moffat,0409693808,,FLEET6a2a01c906650,,,10051,FLEET6a2a01c906650,2FI9RH,LGXCH6CD9T2191081,SEAL,PREMIUM,COSMOS BLACK,,,NEW,,,,Nil,0,0,0,0,0,0,0,0,0,0,0,0,true,0,0,0,0,0,0,0,0,0,0,0,0,0,0,0,,,0,0,0,0,,,,,0,,N/A,0,0,0,0,0,0,0,0,,0,0,56181.45,56181.45,0.00,0,0,0,0,0,0,0,0,0,,,0,,0,,,,Incomplete,,,,,,0,0,0,,,,,,,0,0,0,0,0,0,0,0,false,0,false,0,false,,0,0,,,0,,,,,0,,,,0,,0,0,GLENROY,jennimoffat74@hotmail.com,Can you pls book delivery time with customer? Funds have cleared one week ago.,,,,1,5
14363459,,,,,,,NEW,2026-06-11,PDI DONE,04:00 PM,17-Jul-26,,,2026-07-17,,2026-07-17,,2026-07-17,,Harmony BYD - VIC,,,,,0,0,DELIVERED,,,,DELIVERED,FLEET,SG FLEET,,,,58134,56868,,fleet,Kahlia Duncan,,fleet,Tim Forbes,57750,,,Angie Liu,,,Joel Marwood,Department of Justice and Community Safety,Joel Marwood,0491672251,,FLEET6a2a3dd994584,,,10035,,2FI9MH,LGXCH6CD8T2184199,SEAL,PREMIUM,AURORA WHITE,,,NEW,,,,Nil,0,0,0,0,0,0,0,0,0,0,0,0,true,0,0,0,0,0,0,0,0,0,0,0,0,0,0,0,,,0,0,0,0,,,,,0,,N/A,0,0,0,0,0,0,0,0,,0,0,54492.85,54492.85,0.00,0,0,0,0,0,0,0,0,0,,,0,,0,,,,Incomplete,,,,,,0,0,0,,,,,,,0,0,0,0,0,0,0,0,false,0,false,0,false,,0,0,,,0,,,,,0,,,,0,,0,0,Teesdale,joel.marwood@justice.vic.gov.au,Remittance received. Pls organize delivery once money cleared.,,,,1,2
14369077,,,,,,,NEW,2026-06-12,,,cancelled,,03-Jul-26,,,,,,,Harmony BYD - VIC,,,,,0,0,CANCELLED,,,,CANCELLED,EFT,Cash,,,,57332,,,,,,,Rowland Godeffroy,,,,,,,Barsha Kc Rajphandary,,,0432514133,,6a2b9ba07b309,,,11862,,,SEALION 5,PREMIUM,AURORA WHITE,,,NEW,,,,Nil,0,0,0,0,0,0,0,0,0,0,0,0,true,0,0,0,0,0,0,0,0,0,0,0,0,0,0,0,,,0,0,0,0,,,,,0,,N/A,0,0,0,0,0,0,0,0,,0,0,0,0.00,0.00,0,0,0,0,0,0,0,0,0,,,0,,0,,,,Incomplete,,,,,,0,0,0,,,,,,,0,0,0,0,0,0,0,0,false,0,false,0,false,,0,0,,,0,,,,,0,,,,0,,0,0,,barshabbr@hotmail.com
14369120,,,,,,,NEW,2026-06-12,PDI DONE,03:00 PM,14-Jul-26,,,2026-07-14,,2026-07-15,,2026-07-15,,Harmony BYD - VIC,,,,,0,0,DELIVERED,,,,DELIVERED,LEASE,lease plus,,,June 26,57332,57157,,HOUSE,Annie Huynh,,HOUSE,Rowland Godeffroy,,,,,,,John Ramirez,,,0434310098,,6a2b94d76c0ef,,,9267,,2FI9QZ,LGXCH4CDXT2176819,SEALION 7,PREMIUM,AURORA WHITE,,,NEW,,,,Nil,0,0,0,0,0,0,0,0,0,0,0,0,false,0,0,0,0,0,0,0,0,0,0,0,0,0,0,0,,,0,0,0,0,,,,,0,,N/A,0,0,0,0,0,0,0,0,,0,0,0,0.00,0.00,0,0,0,0,0,0,0,0,0,,,0,,0,,,,Incomplete,,,,,,0,0,0,,,,,,,0,0,0,0,0,0,0,0,false,0,false,0,false,,0,0,,,0,,,,,0,,,,0,,0,0,,john.ramirez@nutrien.com.au,BYD 7KW CHARGER - 50% DISCOUNT - Approved by Nick,,,,1,2
14369152,,,,,,,NEW,2026-06-12,PDI DONE,03:00 PM,09-Jul-26,,,2026-07-10,,2026-07-10,,2026-07-10,,Harmony BYD - VIC,,,,,0,0,DELIVERED,,,,DELIVERED,FLEET,orix,,,June 26,57332,58183,,No Opportunity,Sunny Singh,,No Opportunity,Rowland Godeffroy,,,,,,,Natalie Wild,,,0425780611,,INV6a2b6f6f01e17,,,10082,,2FI9OS,LGXCH4CD6T2193763,SEALION 7,PREMIUM,ATLANTIS GREY,,,NEW,,,,Nil,0,0,0,0,0,0,0,0,0,0,0,0,false,0,0,0,0,0,0,0,0,0,0,0,0,0,0,0,,,0,0,0,0,,,,,0,,N/A,0,0,0,0,0,0,0,0,,0,0,0,0.00,0.00,0,0,0,0,0,0,0,0,0,,,0,,0,,,,Incomplete,,,,,,0,0,0,,,,,,,0,0,0,0,0,0,0,0,false,0,false,0,false,,0,0,,,0,,,,,0,,,,0,,0,0,,nwild1971@outlook.com,Speaking with Tejas from Orix sent off invoice 15/06,,,,1,2
14369170,,,,,,,NEW,2026-06-12,,,cancelled,,28-Jul-26,,,,,,,Harmony BYD - VIC,,,,,0,0,CANCELLED,,,,CANCELLED,?,?,,,,57332,44955,,53244,Sonia Lai,,Jess Lam,Rowland Godeffroy,,,,,,,Rasit Baykara,,,0431907550,,6a2b6a9f86de4,,,12419,,,SHARK 6,PREMIUM,GREAT WHITE,,,NEW,,,,Nil,0,0,0,0,0,0,0,0,0,0,0,0,true,0,0,0,0,0,0,0,0,0,0,0,0,0,0,0,,,0,0,0,0,,,,,0,,N/A,0,0,0,0,0,0,0,0,,0,0,0,0.00,0.00,0,0,0,0,0,0,0,0,0,,,0,,0,,,,Incomplete,,,,,,0,0,0,,,,,,,0,0,0,0,0,0,0,0,false,0,false,0,false,,0,0,,,0,,,,,0,,,,0,,0,0,,rasitb@icloud.com
14371016,,,,,,,NEW,2026-06-13,,,cancelled,,31-Jul-26,,,,,,,Harmony BYD - VIC,7127386,,,,1,3,CANCELLED,,,,CANCELLED,C,Cash,,,,57332,54504,,No Opportunity,Gunesh Ramu,,No Opportunity,Rowland Godeffroy,,,,,,,Mervin B Jaksa,,,0402616104,,6a2cbe5b6437f,,,11845,,,SEALION 5,PREMIUM,HARBOUR GREY,,,NEW,,,,Nil,0,0,0,0,0,0,0,0,0,0,0,0,true,0,0,0,0,0,0,0,0,0,0,0,0,0,0,0,,,0,0,0,0,,,,,0,,N/A,0,0,0,0,0,0,0,0,,0,0,0,0.00,0.00,0,0,0,0,0,0,0,0,0,,,0,,0,,,,Incomplete,,,,,,0,0,0,,,,,,,0,0,0,0,0,0,0,0,false,0,false,0,false,,0,0,,,0,,,,,0,,,,0,,0,0,,mervinbj54@gmail.com
14371027,,,,,,,NEW,2026-06-13,,,cancelled,,20-Jul-26,,,,,,,Harmony BYD - VIC,,,,,0,0,CANCELLED,,,,CANCELLED,IHP,,,,,57332,54504,,,Gunesh Ramu,,,Rowland Godeffroy,,,,,,,James Warren,,,0434198681,,6a2cb01351fcf,,,TBA,,,,SHARK 6,PREMIUM,OUTBACK ORANGE,,,NEW,,,,Nil,0,0,0,0,0,0,0,0,0,0,0,0,true,0,0,0,0,0,0,0,0,0,0,0,0,0,0,0,,,0,0,0,0,,,,,0,,N/A,0,0,0,0,0,0,0,0,,0,0,0,0.00,0.00,0,0,0,0,0,0,0,0,0,,,0,,0,,,,Incomplete,,,,,,0,0,0,,,,,,,0,0,0,0,0,0,0,0,false,0,false,0,false,,0,0,,,0,,,,,0,,,,0,,0,0,,faulty243@hotmail.com
14372999,,,,,,,NEW,2026-06-13,,,cancelled,,16-Jul-26,,,,,,,Harmony BYD - VIC,,,,,0,0,CANCELLED,,,,CANCELLED,LEASE,,,,,57332,58183,,fleet,Sunny Singh,,fleet,Rowland Godeffroy,,,,,,,Kanishka Senevirathne,,,0450319804,,6a2cd2a0cdd77,,,TBA,,,,ATTO 3,PREMIUM,ATLANTIS GREY,,,NEW,,,,Nil,0,0,0,0,0,0,0,0,0,0,0,0,true,0,0,0,0,0,0,0,0,0,0,0,0,0,0,0,,,0,0,0,0,,,,,0,Double Layer Floor Mats/ Dashcam,N/A,0,0,0,0,0,0,0,0,,0,0,0,0.00,0.00,0,0,0,0,0,0,0,0,0,,,0,,0,,,,Incomplete,,,,,,0,0,0,,,,,,,0,0,0,0,0,0,0,0,false,0,false,0,false,,0,0,,,0,,,,,0,,,,0,,0,0,,ksenevirathne@gmail.com
14373827,,,,,,,NEW,2026-06-13,,,cancelled,,24-Jul-26,,,,,,,Harmony BYD - VIC,,,,,0,0,CANCELLED,,,,CANCELLED,OFP,Outside,,,,57332,58183,,57621,Sunny Singh,,Vinay Viroja,Rowland Godeffroy,,,,,,,JAI BHARAT ARORA,,,0426226533,,6a2cf4170ede3,,,,,,,SEALION 5,PREMIUM,HARBOUR GREY,,,NEW,,,,Nil,0,0,0,0,0,0,0,0,0,0,0,0,true,0,0,0,0,0,0,0,0,0,0,0,0,0,0,0,,,0,0,0,0,,,,,0,,N/A,0,0,0,0,0,0,0,0,,0,0,0,0.00,0.00,0,0,0,0,0,0,0,0,0,,,0,,0,,,,Incomplete,,,,,,0,0,0,,,,,,,0,0,0,0,0,0,0,0,false,0,false,0,false,,0,0,,,0,,,,,0,,,,0,,0,0,,jai.arora@btinternet.com
14375372,,,,,,,NEW,2026-06-14,PDI DONE,03:00 PM,10-Jul-26,,,2026-07-10,,2026-07-13,,2026-07-13,,Harmony BYD - VIC,,,,,0,0,DELIVERED,,,,DELIVERED,LEASE,SG FLEET,,,,57332,53293,,fleet,Vrinda Gupta,,fleet,Rowland Godeffroy,,,,,,,Huy Vu,,,0468311401,,INV6a2e014d55930,,,10072,,2FI9RB,LC0CE4CB5T4277877,ATTO 2,PREMIUM,SKI WHITE,,,NEW,,,,Nil,0,0,0,0,0,0,0,0,0,0,0,0,false,0,0,0,0,0,0,0,0,0,0,0,0,0,0,0,,,0,0,0,0,,,,,0,,N/A,0,0,0,0,0,0,0,0,,0,0,0,0.00,0.00,0,0,0,0,0,0,0,0,0,,,0,,0,,,,Incomplete,,,,,,0,0,0,,,,,,,0,0,0,0,0,0,0,0,false,0,false,0,false,,0,0,,,0,,,,,0,,,,0,,0,0,,huyvu300595@gmail.com,BYD AC charger 7KW,,,,1,2
14375767,,,,,,,NEW,2026-06-14,,,31-Jul-26,,,2026-07-30,,2026-07-30,,2026-07-30,2026-07-10,Harmony BYD - VIC,2188410,,,,5,2,DELIVERED,,,,DELIVERED,IHA,ANGLE AUTO FINANCE,,,,57332,44955,,53244,Sonia Lai,,Jess Lam,Rowland Godeffroy,,,,,,,Sonali Marne,,,0422954463,,6a2e1fba176e0,,,11850,,2FI9AO,LC0C74C47T7127361,SEALION 5,PREMIUM,HARBOUR GREY,,,NEW,,,,BYD 3.88% 5yr Consumer,39976.55,60,0,0,0,0,0,0,0,3.88,0,1395,true,0,0,0,0,0,0,0,0,0,0,0,0,0,0,0,,,0,0,0,0,,,,11714396,0,,N/A,0,0,0,0,0,0,0,0,,0,0,0,0.00,0.00,1395,0,0,0,0,0,0,0,0,,,0,,0,,,,Incomplete,,,,,,0,0,0,,,,,,,0,0,0,0,0,0,0,0,false,0,false,0,false,,0,0,,,0,,,,,0,,,,0,,0,0,,sonalimarne31@gmail.com
14376016,,,,,,,NEW,2026-06-14,PDI DONE,,cancelled,,20-Jul-26,,,,,,,Harmony BYD - VIC,,,,,0,0,CANCELLED,,,,CANCELLED,IHP,ANGLE AUTO,,,,57332,58011,,53244,Amanpreet Singh,,Jess Lam,Rowland Godeffroy,,,,,,,TREVOR MOORE,,,0432445795,,INV6a2e2c76147f8,,,10104,,,SHARK 6,PREMIUM,DEEP SEA BLUE,,,NEW,,,,Nil,0,0,0,0,0,0,0,0,0,0,0,0,true,0,0,0,0,0,0,0,0,0,0,0,0,0,0,0,,,0,0,0,0,,,,,0,,N/A,0,0,0,0,0,0,0,0,,0,0,0,0.00,0.00,0,0,0,0,0,0,0,0,0,,,0,,0,,,,Incomplete,,,,,,0,0,0,,,,,,,0,0,0,0,0,0,0,0,false,0,false,0,false,,0,0,,,0,,,,,0,,,,0,,0,0,,trevor.moore1611@gmail.com,please refund order,,,,1,2
14376196,,,,,,,NEW,2026-06-14,,10:30 AM,11-Jul-26,,,2026-07-11,,2026-07-15,,2026-07-15,2026-07-06,Harmony BYD - VIC,,,,,0,0,DELIVERED,,,,DELIVERED,IHA,ANGLE AUTO FINANCE,,,,57332,58076,,53598,Bailey Stavrou,,Steven Leung,Rowland Godeffroy,,,,,,,Zoya Sadaqat,,,0449263825,,6a2e3f48b72f6,,,5683,,2FI9QS,LGXCD4C45T0175973,SEALION 8,DYNAMIC AWD,COSMOS BLACK,,,NEW,,,,BYD 1.88% 3Yr Consumer,72344.15,36,0,0,0,0,0,0,0,1.88,0,1395,true,0,0,0,0,0,0,0,0,0,0,0,0,0,0,0,,,0,0,0,0,,,,11723886,0,,N/A,0,0,0,0,0,0,0,0,,0,0,0,0.00,0.00,1395,0,0,0,0,0,0,0,0,,,0,,0,,,,Incomplete,,,,,,0,0,0,,,,,,,0,0,0,0,0,0,0,0,false,0,false,0,false,,0,0,,,0,,,,,0,,,,0,,0,0,,adnanzafars@yahoo.com
14377025,,,,,,,NEW,2026-06-15,PDI DONE,10:00 AM,09-Jul-26,,,2026-07-09,,2026-07-09,,2026-07-09,,Harmony BYD - VIC,,,,,0,0,DELIVERED,,,,DELIVERED,FLEET,SMART LEASING,,,,58134,56868,,fleet,Kahlia Duncan,,fleet,Tim Forbes,57750,,,Angie Liu,,,Tim Tully,Victoria Police,Tim Tully,0437717000,FLEET6a2f3e6440f9d,FLEET6a2f3e6440f9d,,,10041,,EBI835,LGXCH4CD0T2196237,SEALION 7,PREMIUM,AURORA WHITE,,,NEW,,,,Nil,0,0,0,0,0,0,0,0,0,0,0,0,true,0,0,0,0,0,0,0,0,0,0,0,0,0,0,0,,,0,0,0,0,,,,,0,,N/A,0,0,0,0,0,0,0,0,,0,0,57189.05,57189.05,0.00,0,0,0,0,0,0,0,0,0,,,0,,0,,,,Incomplete,,,,,,0,0,0,,,,,,,0,0,0,0,0,0,0,0,false,0,false,0,false,,0,0,,,0,,,,,0,,,,0,,0,0,NIDDRIE,timothy.tully@police.vic.gov.au,This customer needs Boot Liner and Carpet Floor Mats. These accessories were paid to us,,,,1,5
14397028,,,,,,,NEW,2026-06-16,,,PENDING,,,,,,,,,Harmony BYD - VIC,,,,,0,0,NO ALLOCATION,,,,NOT AVAILABLE,C,Cash,,,,57332,54504,,,Gunesh Ramu,,,Rowland Godeffroy,,,,,,,Harsha C Perera,,,0405936329,,6a30cddadffdd,,,TBA,,,,SEALION 6,DYNAMIC EXTENDED,HARBOUR GREY,,,NEW,,,,Nil,0,0,0,0,0,0,0,0,0,0,0,0,false,0,0,0,0,0,0,0,0,0,0,0,0,0,0,0,,,0,0,0,0,,,,,0,,N/A,0,0,0,0,0,0,0,0,,0,0,0,0.00,0.00,0,0,0,0,0,0,0,0,0,,,0,,0,,,,Incomplete,,,,,,0,0,0,,,,,,,0,0,0,0,0,0,0,0,false,0,false,0,false,,0,0,,,0,,,,,0,,,,0,,0,0,,hcperera@gmail.com
14405015,,,,,,,NEW,2026-06-17,PDI DONE,12:00 PM,09-Jul-26,,,2026-07-09,,2026-07-09,,2026-07-09,,Harmony BYD - VIC,,,,,0,0,DELIVERED,,,,DELIVERED,FLEET,FLARE,,,,58134,56868,,fleet,Kahlia Duncan,,fleet,Tim Forbes,57750,,,Angie Liu,,,Ahmed Ibrahim,,Ahmed Ibrahim,0450465820,FLEET6a321bc1d1880,FLEET6a321bc1d1880,,,10979,,2FI9QM,LGXCH4CD0T2193984,SEALION 7,PREMIUM,ATLANTIS GREY,,,NEW,,,,Nil,0,0,0,0,0,0,0,0,0,0,0,0,true,0,0,0,0,0,0,0,0,0,0,0,0,0,0,0,,,0,0,0,0,,,,,0,,N/A,0,0,0,0,0,0,0,0,,0,0,58165.45,58165.45,0.00,0,0,0,0,0,0,0,0,0,,,0,,0,,,,Incomplete,,,,,,0,0,0,,,,,,,0,0,0,0,0,0,0,0,false,0,false,0,false,,0,0,,,0,,,,,0,,,,0,,0,0,ROXBURGH PARK,amamdouhaly@gmail.com,Sent off for rego docs,,,,1,6
14411409,,,,,,,NEW,2026-06-18,,,cancelled,,17-Aug-26,,,,,,,Harmony BYD - VIC,,,,,0,0,NO ALLOCATION,,,,NOT AVAILABLE,FLEET,SG FLEET,SG Fleet,,,58134,56868,,fleet,Kahlia Duncan,,fleet,Tim Forbes,57750,,,Angie Liu,,,Tyson Lopez,Victoria Police,Tyson Lopez,0401556609,,FLEET6a335bf40dd7f,,,TBA,,,,ATTO 3,PREMIUM,HARBOUR GREY,,,NEW,,,,Nil,0,0,0,0,0,0,0,0,0,0,0,0,true,0,0,0,0,0,0,0,0,0,0,0,0,0,0,0,,,0,0,0,0,,,,,0,,N/A,0,0,0,0,0,0,0,0,,0,0,47198.85,0.00,0.00,0,0,0,0,0,0,0,0,0,,,0,,0,,,,Incomplete,,,,,,0,0,0,,,,,,,0,0,0,0,0,0,0,0,false,0,false,0,false,,0,0,,,0,,,,,0,,,,0,,0,0,Kilmore,tyson-lopez@hotmail.com,Told leasing company we don't have atto3 premium.,,,,,1
14418740,,,,,,,NEW,2026-06-18,PDI DONE,12:30 PM,21-Jul-26,,,2026-07-22,,2026-07-22,,2026-07-22,,Harmony BYD - VIC,,,,,0,0,DELIVERED,,,,DELIVERED,FLEET,FLARE,,,,58134,56868,,fleet,Kahlia Duncan,,fleet,Tim Forbes,57750,,,Angie Liu,,,Saveer Shetty,,Saveer Shetty,0421813018,,FLEET6a3394b02633c,,,10980,,EBI796,LGXCH4CD1T2193976,SEALION 7,PREMIUM,ATLANTIS GREY,,,NEW,,,,Nil,0,0,0,0,0,0,0,0,0,0,0,0,true,0,0,0,0,0,0,0,0,0,0,0,0,0,0,0,,,0,0,0,0,,,,,0,,N/A,0,0,0,0,0,0,0,0,,0,0,58314.45,58314.45,0.00,0,0,0,0,0,0,0,0,0,,,0,,0,,,,Incomplete,,,,,,0,0,0,,,,,,,0,0,0,0,0,0,0,0,false,0,false,0,false,,0,0,,,0,,,,,0,,,,0,,0,0,Mernda,saveer.shetty@chemistwarehouse.com.au,Remittance received. Pls organize delivery once the money cleared.,,,,1,8
14420227,,,,,,,NEW,2026-06-18,,08:30 AM,11-Jul-26,,,2026-07-10,,2026-07-13,,2026-07-13,2026-07-01,Harmony BYD - VIC,,,,,0,0,DELIVERED,,,,DELIVERED,IHA,ANGLE AUTO FINANCE,,,June 26,57332,53293,,57621,Vrinda Gupta,,Vinay Viroja,Rowland Godeffroy,,,,,,,MR SPANDAN PATEL,,,0469023854,,INV6a3360622951d,,,10388,,2FI9QW,LGXC74C43T0243162,SEALION 6,DYNAMIC EXTENDED,ARTIC WHITE,,,NEW,,,,BYD 1.88% 3Yr Commercial,42269.95,36,0,0,0,0,0,1.88,0,1.88,0,1595,true,0,0,0,0,0,0,0,0,0,0,0,0,0,0,0,,,0,0,0,0,,,,11722275,1.88,,N/A,0,0,0,0,0,0,0,0,,0,0,0,0.00,0.00,1595,0,0,0,0,0,0,0,0,,,0,,0,,,,Incomplete,,,,,,0,0,0,,,,,,,0,0,0,0,0,0,0,0,false,0,false,0,false,,0,0,,,0,,,,,0,,,,0,,0,0,,spandanpatel2002@gmail.com
14420232,,,,,,,NEW,2026-06-18,,,15-Oct-26,,,,,,,,,Harmony BYD - VIC,,,,,0,0,On Water,,,,ALLOCATED,IHA,ANGLE AUTO,,,,57332,53293,,57621,Vrinda Gupta,,Vinay Viroja,Rowland Godeffroy,,,,,,,Robin Verma,,,0403718620,,6a33571d1125e,,,13483,,,LPE19W2A8TF374081,SHARK 6,PREMIUM,GREAT WHITE,,,NEW,,,,BYD 1.88% 3Yr Commercial,43667.15,36,0,0,0,0,0,1.88,0,1.88,0,1595,true,0,0,0,0,0,0,0,0,0,0,0,0,0,0,0,,,0,0,0,0,,,,11723701,1.88,,N/A,0,0,0,0,0,0,0,0,,0,0,0,0.00,0.00,1595,0,0,0,0,0,0,0,0,,,0,,0,,,,Incomplete,,,,,,0,0,0,,,,,,,0,0,0,0,0,0,0,0,false,0,false,0,false,,0,0,,,0,,,,,0,,,,0,,0,0,,robin_verma05@yahoo.com
14420258,,,,,,,NEW,2026-06-17,,,cancelled,,12-Jul-26,,,,,,,Harmony BYD - VIC,,,,,0,0,CANCELLED,,,,CANCELLED,IHP,A88 Finance,,,June 26,57332,57157,,53244,Annie Huynh,,Jess Lam,Rowland Godeffroy,,,,,,,Jayvic Macabuag,,,0402522669,,INV6a32722dc21d8,,,6732,,,SEAL,PERFORMANCE,COSMOS BLACK,,,NEW,,,,Nil,0,0,0,0,0,0,0,0,0,0,0,false,0,0,0,0,0,0,0,0,0,0,0,0,0,0,0,,,0,0,0,0,,,,,0,,N/A,0,0,0,0,0,0,0,0,,0,0,0,0.00,0.00,0,0,0,0,0,0,0,0,0,,,0,,0,,,,Incomplete,,,,,,0,0,0,,,,,,,0,0,0,0,0,0,0,0,false,0,false,0,false,,0,0,,,0,,,,,0,,,,0,,0,0,,jayvicmac@outlook.com,Angie sent email for tax invoice request,,,,,1
14426862,,,,,,,NEW,2026-06-19,,,31-Jul-26,,,2026-07-30,,2026-07-30,,2026-07-30,2026-06-28,Harmony BYD - VIC,299444,,,,2,1,DELIVERED,,,,DELIVERED,IHA,ANGLE AUTO FINANCE,,,June 26,57332,53293,,57621,Vrinda Gupta,,Vinay Viroja,Rowland Godeffroy,,,,,,,BRN SERVICES PTY LTD,,LOVEJOT SINGH,0414909299,,6a34c458ec9c9,,,11379,,PBX021,LPE19W2A4TF299444,SHARK 6,PREMIUM,TIDAL BLACK,,,NEW,,,,BYD 1.88% 3Yr Commercial,54388.75,36,0,0,0,0,0,1.88,0,1.88,0,1595,true,0,0,0,0,0,0,0,0,0,0,0,0,0,0,0,,,0,0,0,0,,,,11723126,1.88,,N/A,0,0,0,0,0,0,0,0,,0,0,0,0.00,0.00,1595,0,0,0,0,0,0,0,0,,,0,,0,,,,Incomplete,,,,,,0,0,0,,,,,,,0,0,0,0,0,0,0,0,false,0,false,0,false,,0,0,,,0,,,,,0,,,,0,,0,0,,servicesbrn@gmail.com
14426873,,,,,,,NEW,2026-06-19,,04:30 PM,31-Jul-26,,,2026-07-30,,2026-07-30,,2026-07-30,2026-07-01,Harmony BYD - VIC,299470,,,,3,1,DELIVERED,,,,DELIVERED,IHA,ANGLE AUTO FINANCE,,,June 26,57332,53293,,57621,Vrinda Gupta,,Vinay Viroja,Rowland Godeffroy,,,,,,,LOYAL TECH SERVICES PTY LTD,,KANWALJOT SINGH SIDHU,0414504595,,6a34b5b97d558,,,11381,,VPBBX1,LPE19W2A5TF299470,SHARK 6,PREMIUM,TIDAL BLACK,,,NEW,,,,BYD 1.88% 3Yr Commercial,54388.75,36,0,0,0,0,0,1.88,0,1.88,0,1595,true,0,0,0,0,0,0,0,0,0,0,0,0,0,0,0,,,0,0,0,0,,,,11723089,1.88,,N/A,0,0,0,0,0,0,0,0,,0,0,0,0.00,0.00,1595,0,0,0,0,0,0,0,0,,,0,,0,,,,Incomplete,,,,,,0,0,0,,,,,,,0,0,0,0,0,0,0,0,false,0,false,0,false,,0,0,,,0,,,,,0,,,,0,,0,0,,loyaltecservices@gmail.com
14426950,,,,,,,NEW,2026-06-19,PDI DONE,,cancelled,,21-Jul-26,,,,,,,Harmony BYD - VIC,,,,,0,0,CANCELLED,,,,CANCELLED,IHP,?,,,,57332,54504,,No Opportunity,Gunesh Ramu,,No Opportunity,Rowland Godeffroy,,,,,,,Balkrishan Sharma,,,0422907253,,INV6a34c01941076,,,10116,,,SEAL,PREMIUM,ATLANTIS GREY,,,NEW,,,,Nil,0,0,0,0,0,0,0,0,0,0,0,0,false,0,0,0,0,0,0,0,0,0,0,0,0,0,0,0,,,0,0,0,0,,,,,0,,N/A,0,0,0,0,0,0,0,0,,0,0,0,0.00,0.00,0,0,0,0,0,0,0,0,0,,,0,,0,,,,Incomplete,,,,,,0,0,0,,,,,,,0,0,0,0,0,0,0,0,false,0,false,0,false,,0,0,,,0,,,,,0,,,,0,,0,0,,balakrishnansharma479@gmail.com,called - set delivery exp of this weekend if finance goes through,,,,1,1
14426960,,,,,,,NEW,2026-06-19,PDI DONE,09:00 AM,07-Jul-26,,,2026-07-07,,2026-05-31,,2026-07-07,,Harmony BYD - VIC,,,,,0,0,DELIVERED,,,,DELIVERED,OFP,Outside,,,,57332,58076,,,Bailey Stavrou,,,Rowland Godeffroy,,,,,,,Michael Lamb,,,0422890335,,INV6a347da4a0aaf,,,5234,,2FC5AI,LGXC74C43S0935811,SEALION 6,ESSENTIAL,ARCTIC WHITE,,,DEMO,,,,Nil,0,0,0,0,0,0,0,0,0,0,0,0,true,0,0,0,0,0,0,0,0,0,0,0,0,0,0,0,,,0,0,0,0,,,,,0,,N/A,0,0,0,0,0,0,0,0,,0,0,0,0.00,0.00,0,0,0,0,0,0,0,0,0,,,0,,0,,,,Incomplete,,,,,,0,0,0,,,,,,,0,0,0,0,0,0,0,0,false,0,false,0,false,,0,0,,,0,,,,,0,,,,0,,0,0,,michael.lamb@optusnet.com.au,,,,,1
14433195,,,,,,,NEW,2026-06-20,PDI DONE,09:30 AM,17-Jul-26,,,2026-07-17,,2026-07-17,,2026-07-17,,Harmony BYD - VIC,,,,,0,0,DELIVERED,,,,DELIVERED,FLEET,SG FLEET,,,Follow UP,57332,57488,,fleet,Sadman Chowdhury,,fleet,Rowland Godeffroy,,,,,,,Arnold Batallones,,,0475082941,,INV6a35cfc0c9cf9,,,10270,,2FI9LQ,LGXCH4CD1T2199860,SEALION 7,PREMIUM,COSMOS BLACK,,,NEW,,,,Nil,0,0,0,0,0,0,0,0,0,0,0,0,false,0,0,0,0,0,0,0,0,0,0,0,0,0,0,0,,,0,0,0,0,,,,,0,,N/A,0,0,0,0,0,0,0,0,,0,0,58134.25,58134.25,0.00,0,0,0,0,0,0,0,0,0,,,0,,0,,,,Incomplete,,,,,,0,0,0,,,,,,,0,0,0,0,0,0,0,0,false,0,false,0,false,,0,0,,,0,,,,,0,,,,0,,0,0,,SG Fleet responded that we should be receiving remittance tomorrow afternoon,,,,1,7
14433238,,,,,,,NEW,2026-06-20,,12:30 PM,17-Jul-26,,,2026-07-17,,2026-07-17,,2026-07-17,,Harmony BYD - VIC,,,,,0,0,DELIVERED,,,,DELIVERED,FLEET,SG FLEET,,,June 26,57332,54504,,fleet,Gunesh Ramu,,fleet,Rowland Godeffroy,,,,,,,Fehim Zorlak,,,0406940704,,INV6a35f36c73be9,,,10272,,EBI805,LGXCH4CD2T2199821,SEALION 7,PREMIUM,COSMOS BLACK,,,NEW,,,,Nil,0,0,0,0,0,0,0,0,0,0,0,0,false,0,0,0,0,0,0,0,0,0,0,0,0,0,0,0,,,0,0,0,0,,,,,0,,N/A,0,0,0,0,0,0,0,0,,0,0,58600.45,58600.45,0.00,0,0,0,0,0,0,0,0,0,,,0,,0,,,,Incomplete,,,,,,0,0,0,,,,,,,0,0,0,0,0,0,0,0,false,0,false,0,false,,0,0,,,0,,,,,0,,,,0,,0,0,,sanizz@hotmail.com,Remittance received please organise delivery once funds have cleared.,,,,,9
14435237,,,,,,,NEW,2026-06-20,,,cancelled,,14-Jul-26,,,,,,,Harmony BYD - VIC,,,,,0,0,CANCELLED,,,,CANCELLED,C,Cash,,,,57332,54504,,57621,Gunesh Ramu,,Vinay Viroja,Rowland Godeffroy,,,,,,,Gary A Moralde,,,0431087394,,6a360c077b59b,,,7199,,,SHARK 6,PERFORMANCE,TIDAL BLACK,,,NEW,,,,Nil,0,0,0,0,0,0,0,0,0,0,0,0,true,0,0,0,0,0,0,0,0,0,0,0,0,0,0,0,,,0,0,0,0,,,,,0,,N/A,0,0,0,0,0,0,0,0,,0,0,0,0.00,0.00,0,0,0,0,0,0,0,0,0,,,0,,0,,,,Incomplete,,,,,,0,0,0,,,,,,,0,0,0,0,0,0,0,0,false,0,false,0,false,,0,0,,,0,,,,,0,,,,0,,0,0,,garymoralde88@yahoo.com
14435551,,,,,,,NEW,2026-06-20,PDI DONE,02:00 PM,30-Jul-26,,,2026-07-30,,2026-07-30,,2026-07-30,,Harmony BYD - VIC,,,,,0,0,DELIVERED,,,,DELIVERED,FLEET,MAXXIA,,,June 26,57332,54504,,fleet,Gunesh Ramu,,fleet,Rowland Godeffroy,,,,,,,Yonatan Guna,,,0415963630,,INV6a361e1675a35,,,10872,,EBI790,LGXCH6CDXT2191204,SEAL,PREMIUM,COSMOS BLACK,,,NEW,,,,Nil,0,0,0,0,0,0,0,0,0,0,0,0,false,0,0,0,0,0,0,0,0,0,0,0,0,0,0,0,,,0,0,0,0,,,,,0,,N/A,0,0,0,0,0,0,0,0,,0,0,57269.45,57269.45,0.00,0,0,0,0,0,0,0,0,0,,,0,,0,,,,Incomplete,,,,,,0,0,0,,,,,,,0,0,0,0,0,0,0,0,false,0,false,0,false,,0,0,,,0,,,,,0,,,,0,,0,0,,adiguna.yonatan@gmail.com,Remittance received. Pls book delivery asap.,,,,1,8
14435636,,,,,,,NEW,2026-06-20,,05:00 PM,01-Jul-26,,,2026-07-01,,2026-02-28,,2026-07-01,,Harmony BYD - VIC,,,,,0,0,DELIVERED,,,,DELIVERED,C,Cash,,,,57332,53293,,No Opportunity,Vrinda Gupta,,No Opportunity,Rowland Godeffroy,,,,,,,WYNTER J ENTERPRISE PTY LTD,,Sandeep Singh,0433294488,,6a3621d778785,,,3866,,2EH6GJ,LPE19W2A3SF365884,SHARK 6,PREMIUM,TIDAL BLACK,,,DEMO,,,,Nil,0,0,0,0,0,0,0,0,0,0,0,0,true,0,0,0,0,0,0,0,0,0,0,0,0,0,0,0,,,0,0,0,0,,,,,0,,N/A,0,0,0,0,0,0,0,0,,0,0,0,0.00,0.00,0,0,0,0,0,0,0,0,0,,,0,,0,,,,Incomplete,,,,,,0,0,0,,,,,,,0,0,0,0,0,0,0,0,false,0,false,0,false,,0,0,,,0,,,,,0,,,,0,,0,0,,sandeep_singh89@hotmail.com
14435804,,,,,,,NEW,2026-06-20,PDI DONE,10:30 AM,02-Jul-26,,,2026-07-02,,2026-07-30,,2026-07-30,,Harmony BYD - VIC,,,,,0,0,DELIVERED,,,,DELIVERED,FLEET,NOVATED LEASE AUSTRALIA,,,June 26,57332,58011,,fleet,Amanpreet Singh,,fleet,Rowland Godeffroy,,,,,,,Mahaboob Ali Kouse Abdul Hameed,,,0426962459,,INV6a362074aa6bc,,,10273,,EBI830,LGXCH4CD2T2199866,SEALION 7,PREMIUM,COSMOS BLACK,,,NEW,,,,Nil,0,0,0,0,0,0,0,0,0,0,0,0,false,0,0,0,0,0,0,0,0,0,0,0,0,0,0,0,,,0,0,0,0,,,,,0,,N/A,0,0,0,0,0,0,0,0,,0,0,58573.45,58573.45,0.00,0,0,0,0,0,0,0,0,0,,,0,,0,,,,Incomplete,,,,,,0,0,0,,,,,,,0,0,0,0,0,0,0,0,false,0,false,0,false,,0,0,,,0,,,,,0,,,,0,,0,0,,mkouse123@gmail.com,Remittance received please organise delivery once funds have cleared.,,,,1,5
14438015,,,,,,,NEW,2026-06-21,PDI DONE,09:30 AM,07-Jul-26,,,2026-07-07,,2026-07-07,,2026-07-07,,Harmony BYD - VIC,,,,,0,0,DELIVERED,,,,DELIVERED,LEASE,?,,,,,,57157,,HOUSE,Annie Huynh,,HOUSE,,,,,,,,Jollykutty Thomas,,,0413237949,,6a377b5521283,,,9869,,2FI9QU,LGXCD4C41T0241323,SEALION 8,PREMIUM AWD,Cosmos Black,,,NEW,,,,Nil,0,0,0,0,0,0,0,0,0,0,0,0,false,0,0,0,0,0,0,0,0,0,0,0,0,0,0,0,,,0,0,0,0,,,,,0,,N/A,0,0,0,0,0,0,0,0,,0,0,0,0.00,0.00,0,0,0,0,0,0,0,0,0,,,0,,0,,,,Incomplete,,,,,,0,0,0,,,,,,,0,0,0,0,0,0,0,0,false,0,false,0,false,,0,0,,,0,,,,,0,,,,0,,0,0,,benbian32@yahoo.com.au,,,,,1
14438084,,,,,,,NEW,2026-06-21,PDI DONE,08:30 AM,09-Jul-26,,,2026-07-09,,2026-07-09,,2026-07-09,2026-06-30,Harmony BYD - VIC,,,,,0,0,DELIVERED,,,,DELIVERED,IHA,ANGLE AUTO FINANCE,,,,,53293,,53598,Vrinda Gupta,,Steven Leung,,,,,,,,Saba Shabanm Iqbal,,,0448611924,,6a376481f3ea9,,,9581,,2FI9QQ,LGXCD4C49T0219182,SEALION 8,PREMIUM AWD,AURORA WHITE,,,NEW,,,,BYD 1.88% 3Yr Consumer,75780.15,36,0,0,0,0,0,0,0,1.88,0,1395,true,0,0,0,0,0,0,0,0,0,0,0,0,0,0,0,,,0,0,0,0,,,,11723864,0,,N/A,0,0,0,0,0,0,0,0,,0,0,0,0.00,0.00,1395,0,0,0,0,0,0,0,0,,,0,,0,,,,Incomplete,,,,,,0,0,0,,,,,,,0,0,0,0,0,0,0,0,false,0,false,0,false,,0,0,,,0,,,,,0,,,,0,,0,0,,,,,1
14438090,,,,,,,NEW,2026-06-21,PDI DONE,,cancelled,,05-Jul-26,,,,,,,Harmony BYD - VIC,,,,,0,0,CANCELLED,,,,CANCELLED,OFP,Outside,,,,,58183,,57621,Sunny Singh,,Vinay Viroja,,,,,,,,Karanbir Singh Sandhu,,,0455340147,,INV6a3752704f5b3,,,8590,,,SEAL 6,ESSENTIAL,COSMOS BLACK,,,NEW,,,,Nil,0,0,0,0,0,0,0,0,0,0,0,0,false,0,0,0,0,0,0,0,0,0,0,0,0,0,0,0,,,0,0,0,0,,,,,0,,N/A,0,0,0,0,0,0,0,0,,0,0,0,0.00,0.00,0,0,0,0,0,0,0,0,0,,,0,,0,,,,Incomplete,,,,,,0,0,0,,,,,,,0,0,0,0,0,0,0,0,false,0,false,0,false,,0,0,,,0,,,,,0,,,,0,,0,0,
14438097,,,,,,,NEW,2026-06-21,PDI DONE,03:00 PM,03-Jul-26,,,2026-07-03,,2026-07-03,,2026-07-03,,Harmony BYD - VIC,,,,,0,0,DELIVERED,,,,DELIVERED,C,Cash,,,June 26,,58183,,No Opportunity,Sunny Singh,,No Opportunity,,,,,,,,Daniel Townley,,,0434013282,,INV6a374d1db281a,,,10331,,2FI9OO,LGXCD4C49T0229436,SEALION 8,PREMIUM AWD,DARK AQUAMARINE,,,NEW,,,,Nil,0,0,0,0,0,0,0,0,0,0,0,0,false,0,0,0,0,0,0,0,0,0,0,0,0,0,0,0,,,0,0,0,0,,,,,0,Dashcam (front and rear) Ceramic Coating Full Car Window Tint and BYD 7KW Charger.,N/A,0,0,0,0,0,0,0,0,,0,0,0,0.00,0.00,0,0,0,0,0,0,0,0,0,,,0,,0,,,,Incomplete,,,,,,0,0,0,,,,,,,0,0,0,0,0,0,0,0,false,0,false,0,false,,0,0,,,0,,,,,0,,,,0,,0,0,,busterkinkaid_@hotmail.com,,,,,1
14438098,,,,,,,NEW,2026-06-21,,,cancelled,,02-Aug-26,,,,,,,Harmony BYD - VIC,299530,,,,1,3,CLAYTON PD,,,,CANCELLED,C,Cash,,,,,53293,,No Opportunity,Vrinda Gupta,,No Opportunity,,,,,,,,Tamapahore Hei Hei,,,0436370707,,6a3748a5b9dfc,,,11385,,,SHARK 6,PREMIUM,TIDAL BLACK,,,NEW,,,,Nil,0,0,0,0,0,0,0,0,0,0,0,0,false,0,0,0,0,0,0,0,0,0,0,0,0,0,0,0,,,0,0,0,0,,,,,0,,N/A,0,0,0,0,0,0,0,0,,0,0,0,0.00,0.00,0,0,0,0,0,0,0,0,0,,,0,,0,,,,Incomplete,,,,,,0,0,0,,,,,,,0,0,0,0,0,0,0,0,false,0,false,0,false,,0,0,,,0,,,,,0,,,,0,,0,0,,lina.lim@accenture.com
14438100,,,,,,,NEW,2026-06-21,,03:30 PM,28-Jul-26,,,2026-07-28,,2026-07-28,,2026-07-28,,Harmony BYD - VIC,,,,,0,0,DELIVERED,,,,DELIVERED,LEASE,simply green,,,,,58011,,fleet,Amanpreet Singh,,fleet,,,,,,,,Ryan Handley,,,0423551656,,6a3739f6457a9,,,11382,,EBI792,LPE19W2A7TF299437,SHARK 6,PREMIUM,TIDAL BLACK,,,NEW,,,,Nil,0,0,0,0,0,0,0,0,0,0,0,0,false,0,0,0,0,0,0,0,0,0,0,0,0,0,0,0,,,0,0,0,0,,,,,0,,N/A,0,0,0,0,0,0,0,0,,0,0,62395.75,62395.75,0.00,0,0,0,0,0,0,0,0,0,,,0,,0,,,,Incomplete,,,,,,0,0,0,,,,,,,0,0,0,0,0,0,0,0,false,0,false,0,false,,0,0,,,0,,,,,0,,,,0,,0,0,,ryanhandley95@gmail.com,is it possible to bring this into Going out status?,,,,,3
14438104,,,,,,,NEW,2026-06-21,PDI DONE,,cancelled,,02-Jul-26,,,,,,,Harmony BYD - VIC,,,,,0,0,CANCELLED,,,,CANCELLED,,A88 Finance,,,,,57488,,No Opportunity,Sadman Chowdhury,,No Opportunity,,,,,,,,Bozidar Lojanica,,,0432042243,,INV6a3738c43ee5a,,,10390,,,SEALION 6,DYNAMIC EXTENDED,ARTIC WHITE,,,NEW,,,,Nil,0,0,0,0,0,0,0,0,0,0,0,0,false,0,0,0,0,0,0,0,0,0,0,0,0,0,0,0,,,0,0,0,0,,,,,0,,N/A,0,0,0,0,0,0,0,0,,0,0,0,0.00,0.00,0,0,0,0,0,0,0,0,0,,,0,,0,,,,Incomplete,,,,,,0,0,0,,,,,,,0,0,0,0,0,0,0,0,false,0,false,0,false,,0,0,,,0,,,,,0,,,,0,,0,0,,fastmaintenanceservices@hotmail.com,,,,,1
14438111,,,,,,,NEW,2026-06-21,PDI DONE,12:30 PM,03-Jul-26,,,2026-07-03,,2026-07-03,,2026-07-03,2026-06-28,Harmony BYD - VIC,,,,,0,0,DELIVERED,,,,DELIVERED,IHA,ANGLE AUTO FINANCE,,,,,57488,,53244,Sadman Chowdhury,,Jess Lam,,,,,,,,The Trustee for AZEEM MEDICAL TRUST,,,0434175137,,INV6a373130baae6,,,9583,,2FI9PA,LGXCD4C4XT0219014,SEALION 8,PREMIUM AWD,AURORA WHITE,,,NEW,,,,BYD 1.88% 36 Month Commercial,78379.35,36,0,0,0,0,0,0,0,1.88,0,1595,true,0,0,0,0,0,0,0,0,0,0,0,0,0,0,0,,,0,0,0,0,,,,11735044,0,,N/A,0,0,0,0,0,0,0,0,,0,0,0,0.00,0.00,1595,0,0,0,0,0,0,0,0,,,0,,0,,,,Incomplete,,,,,,0,0,0,,,,,,,0,0,0,0,0,0,0,0,false,0,false,0,false,,0,0,,,0,,,,,0,,,,0,,0,0,,drkhan181@yahoo.com,,,,,1
14440142,,,,,,,NEW,2026-06-20,PDI DONE,10:30 AM,31-Jul-26,,,2026-07-30,,2026-07-30,,2026-07-30,,Harmony BYD - VIC,,,,,0,0,DELIVERED,,,,DELIVERED,C,Cash,,,,57332,58011,,No Opportunity,Amanpreet Singh,,No Opportunity,Rowland Godeffroy,,,,,,,SANTOS JR NAVARRO,,,0410142679,,INV6a363a425a46f,,,10981,,2FI9AM,LGXCH4CD2T2194358,SEALION 7,PREMIUM,ATLANTIS GREY,,,NEW,,,,Nil,0,0,0,0,0,0,0,0,0,0,0,0,true,0,0,0,0,0,0,0,0,0,0,0,0,0,0,0,,,0,0,0,0,,,,,0,,N/A,0,0,0,0,0,0,0,0,,0,0,0,0.00,0.00,0,0,0,0,0,0,0,0,0,,,0,,0,,,,Incomplete,,,,,,0,0,0,,,,,,,0,0,0,0,0,0,0,0,false,0,false,0,false,,0,0,,,0,,,,,0,,,,0,,0,0,,snavarrojr@yahoo.com,,,,,1
14450193,,,,,,,NEW,2026-06-22,PDI DONE,04:00 PM,08-Jul-26,,,2026-07-08,,2026-07-08,,2026-07-08,2026-07-01,Harmony BYD - VIC,,,,,0,0,DELIVERED,,,,DELIVERED,IHA,ANGLE AUTO FINANCE,,,,57332,53293,,57621,Vrinda Gupta,,Vinay Viroja,Rowland Godeffroy,,,,,,,FATTAHNCO PTY LTD,,,0426789991,,INV6a38e01597585,,,10020,,FATT4H,LGXCD4C40T0265080,SEALION 8,PREMIUM AWD,COSMOS BLACK,,,NEW,,,,BYD 1.88% 3Yr Commercial,71996.15,36,0,0,0,0,0,1.88,0,1.88,0,1595,true,0,0,0,0,0,0,0,0,0,0,0,0,0,0,0,,,0,0,0,0,,,,11726604,1.88,,N/A,0,0,0,0,0,0,0,0,,0,0,0,0.00,0.00,1595,0,0,0,0,0,0,0,0,,,0,,0,,,,Incomplete,,,,,,0,0,0,,,,,,,0,0,0,0,0,0,0,0,false,0,false,0,false,,0,0,,,0,,,,,0,,,,0,,0,0,,fattahnco@gmail.com,,,,,1
14462161,,,,,,,NEW,2026-06-23,PDI DONE,05:30 PM,31-Jul-26,,,2026-07-31,,2026-07-31,,2026-07-31,,Harmony BYD - VIC,,,,,0,0,DELIVERED,,,,DELIVERED,FLEET,SG FLEET,,,June 26,57332,54504,,No Opportunity,Gunesh Ramu,,No Opportunity,Rowland Godeffroy,,,,,,,Kenny Huynh,,,0452410520,,INV6a39ff86bb7b1,,,9223,,EBI732,LGXCH4CD2T2175910,SEALION 7,PREMIUM,AURORA WHITE,,,NEW,,,,Nil,0,0,0,0,0,0,0,0,0,0,0,0,false,0,0,0,0,0,0,0,0,0,0,0,0,0,0,0,,,0,0,0,0,,,,,0,,N/A,0,0,0,0,0,0,0,0,,0,0,0,0.00,0.00,0,0,0,0,0,0,0,0,0,,,0,,0,,,,Incomplete,,,,,,0,0,0,,,,,,,0,0,0,0,0,0,0,0,false,0,false,0,false,,0,0,,,0,,,,,0,,,,0,,0,0,,huynh@hotmail.com,Who is the leasing company? Do you have a tax invoice request?,,,,1,3
14462173,,,,,,,NEW,2026-06-23,,,cancelled,,02-Aug-26,,,,,,,Harmony BYD - VIC,,,,,0,0,CANCELLED,,,,CANCELLED,C,Cash,,,,57332,53293,,No Opportunity,Vrinda Gupta,,No Opportunity,Rowland Godeffroy,,,,,,,DoConstruct Pty Ltd,,Dennis,0421984272,,6a39ef01e8b8f,,,11376,,,SHARK 6,PREMIUM,TIDAL BLACK,,,NEW,,,,Nil,0,0,0,0,0,0,0,0,0,0,0,0,false,0,0,0,0,0,0,0,0,0,0,0,0,0,0,0,,,0,0,0,0,,,,,0,,N/A,0,0,0,0,0,0,0,0,,0,0,0,0.00,0.00,0,0,0,0,0,0,0,0,0,,,0,,0,,,,Incomplete,,,,,,0,0,0,,,,,,,0,0,0,0,0,0,0,0,false,0,false,0,false,,0,0,,,0,,,,,0,,,,0,,0,0,,dennis@doconstruct.com.au
14476252,,,,,,,NEW,2026-06-24,PDI DONE,12:00 PM,11-Jul-26,,,2026-07-11,,2026-07-15,,2026-07-15,,Harmony BYD - VIC,,,,,0,0,DELIVERED,,,,DELIVERED,FLEET,SG FLEET,,,June 26,58134,56868,,fleet,Kahlia Duncan,,fleet,Tim Forbes,57750,,,Angie Liu,,,Irma Kuduzovic,Maurice Blackburn Pty Ltd,Irma Kuduzovic,0411790979,FLEET6a3b6b6a320eb,FLEET6a3b6b6a320eb,,,8368,,2FI9RG,LGXCE4CC2T2167953,ATTO 1,ESSENTIAL,APRICITY WHITE,,,NEW,,,,Nil,0,0,0,0,0,0,0,0,0,0,0,0,false,0,0,0,0,0,0,0,0,0,0,0,0,0,0,0,,,0,0,0,0,,,,,0,,N/A,0,0,0,0,0,0,0,0,,0,0,25854.05,25854.05,0.00,0,0,0,0,0,0,0,0,0,,,0,,0,,,,Incomplete,,,,,,0,0,0,,,,,,,0,0,0,0,0,0,0,0,false,0,false,0,false,,0,0,,,0,,,,,0,,,,0,,0,0,DEANSIDE,ekuduzovic@mauriceblackburn.com.au,Remittance received. Pls organize delivery once the money cleared.,,,,1,2
14476383,,,,,,,NEW,2026-06-24,PDI DONE,10:30 AM,24-Jul-26,,,2026-07-24,,2026-07-24,,2026-07-24,,Harmony BYD - VIC,,,,,0,0,DELIVERED,,,,DELIVERED,FLEET,SG FLEET,,,,58134,57157,,fleet,Annie Huynh,,fleet,Tim Forbes,,,,,,,Tony Yuwakim,Toll Transport Pty Limited,Tony Yuwakim,0402159145,FLEET6a3b708a0c57f,FLEET6a3b708a0c57f,,,10234,,2FI9TH,LGXCH4CD7T2196171,SEALION 7,PREMIUM,Aurora White,,,NEW,,,,Nil,0,0,0,0,0,0,0,0,0,0,0,0,false,0,0,0,0,0,0,0,0,0,0,0,0,0,0,0,,,0,0,0,0,,,,,0,,N/A,0,0,0,0,0,0,0,0,,0,0,56538.85,56538.85,0.00,0,0,0,0,0,0,0,0,0,,,0,,0,,,,Incomplete,,,,,,0,0,0,,,,,,,0,0,0,0,0,0,0,0,false,0,false,0,false,,0,0,,,0,,,,,0,,,,0,,0,0,FRASER RISE,Yuwakim67@gmail.com,Funds have cleared,,,,1,8
14477297,,,,,,,NEW,2026-06-24,PDI DONE,,cancelled,,16-Jul-26,,,,,,,Harmony BYD - VIC,,,,,0,0,CANCELLED,,,,CANCELLED,LEASE,?,,,,57332,58183,,57621,Sunny Singh,,Vinay Viroja,Rowland Godeffroy,,,,,,,St Virgin Mary's Coptic Orthodox Church,,Kyrillos Tawadros,0411518399,,INV6a3b6ceaa9eb9,,,10634,,,SEALION 6,DYNAMIC EXTENDED,ARTIC WHITE,,,NEW,,,,Nil,0,0,0,0,0,0,0,0,0,0,0,0,false,0,0,0,0,0,0,0,0,0,0,0,0,0,0,0,,,0,0,0,0,,,,,0,,N/A,0,0,0,0,0,0,0,0,,0,0,0,0.00,0.00,0,0,0,0,0,0,0,0,0,,,0,,0,,,,Incomplete,,,,,,0,0,0,,,,,,,0,0,0,0,0,0,0,0,false,0,false,0,false,,0,0,,,0,,,,,0,,,,0,,0,0,,aiman_azmy@yahoo.com,,,,,1
14477345,,,,,,,NEW,2026-06-24,PDI DONE,,cancelled,,06-Jul-26,,,,,,,Harmony BYD - VIC,,,,,0,0,CANCELLED,,,,CANCELLED,IHP,,,,,57332,54504,,56895,Gunesh Ramu,,Brogan Parker,Rowland Godeffroy,,,,,,,Sayeda F Afroz,,,0422884361,,6a3b62fea0600,,,10227,,,SEALION 7,PREMIUM,SHARK GREY,,,NEW,,,,Nil,0,0,0,0,0,0,0,0,0,0,0,0,true,0,0,0,0,0,0,0,0,0,0,0,0,0,0,0,,,0,0,0,0,,,,,0,,N/A,0,0,0,0,0,0,0,0,,0,0,0,0.00,0.00,0,0,0,0,0,0,0,0,0,,,0,,0,,,,Incomplete,,,,,,0,0,0,,,,,,,0,0,0,0,0,0,0,0,false,0,false,0,false,,0,0,,,0,,,,,0,,,,0,,0,0,,afrozmoon@gmail.com,,,,,1
14478057,,,,,,,NEW,2026-06-25,,,cancelled,,18-Aug-26,,,,,,,Harmony BYD - VIC,,,,,0,0,CANCELLED,,,,CANCELLED,FLEET,FLARE,,,,58134,56868,,fleet,Kahlia Duncan,,fleet,Tim Forbes,57750,,,Angie Liu,,,Muhammad Nauman Shaukat,,Muhammad Nauman Shaukat,0406418775,FLEET6a3c630d9cffb,FLEET6a3c630d9cffb,,,TBA,,,,ATTO 3,PREMIUM,COSMOS BLACK,,,NEW,,,,Nil,0,0,0,0,0,0,0,0,0,0,0,0,true,0,0,0,0,0,0,0,0,0,0,0,0,0,0,0,,,0,0,0,0,,,,,0,,N/A,0,0,0,0,0,0,0,0,,0,0,49611.15,0.00,0.00,0,0,0,0,0,0,0,0,0,,,0,,0,,,,Incomplete,,,,,,0,0,0,,,,,,,0,0,0,0,0,0,0,0,false,0,false,0,false,,0,0,,,0,,,,,0,,,,0,,0,0,WOLLERT,nauman.shaukat@myob.com,cancelled,,,,,4
14478130,,,,,,,NEW,2026-06-25,,05:00 PM,17-Jul-26,,,2026-07-17,,2026-07-17,,2026-07-17,,Harmony BYD - VIC,,,,,0,0,DELIVERED,,,,DELIVERED,FLEET,MAXXIA,,,,58134,57157,,fleet,Annie Huynh,,fleet,Tim Forbes,,,,,,,Robert Heap,Department of Education and Training,Robert John Heap,0451321305,,FLEET6a3c64d148c98-1,,,8332,,RJH7,LGXCF4CD7T2160888,SEALION 7,Performance,SHARK GREY,,,NEW,,,,Nil,0,0,0,0,0,0,0,0,0,0,0,0,false,0,0,0,0,0,0,0,0,0,0,0,0,0,0,0,,,0,0,0,0,,,,,0,,N/A,0,0,0,0,0,0,0,0,,0,0,67534.05,67534.05,0.00,0,0,0,0,0,0,0,0,0,,,0,,0,,,,Incomplete,,,,,,0,0,0,,,,,,,0,0,0,0,0,0,0,0,false,0,false,0,false,,0,0,,,0,,,,,0,,,,0,,0,0,EYNESBURY,robbie.heap7@gmail.com,Remittance received funds have cleared. Please organise delivery,,,,,2
14478186,,,,,,,NEW,2026-06-25,PDI DONE,08:30 AM,22-Jul-26,,,2026-07-22,,2026-07-22,,2026-07-22,,Harmony BYD - VIC,,,,,0,0,DELIVERED,,,,DELIVERED,FLEET,FLARE,,,,58134,56868,,fleet,Kahlia Duncan,,fleet,Tim Forbes,57750,,,Angie Liu,,,Prisca Ramirez,R J Beaumont & Co Ltd,Prisca Ramirez,0432962078,FLEET6a3c68a4aa5a2,FLEET6a3c68a4aa5a2,,,10129,,2FI9LS,LGXCH4CD4T2201133,SEALION 7,PREMIUM,COSMOS BLACK,,,NEW,,,,Nil,0,0,0,0,0,0,0,0,0,0,0,0,true,0,0,0,0,0,0,0,0,0,0,0,0,0,0,0,,,0,0,0,0,,,,,0,,N/A,0,0,0,0,0,0,0,0,,0,0,58106.05,58106.05,0.00,0,0,0,0,0,0,0,0,0,,,0,,0,,,,Incomplete,,,,,,0,0,0,,,,,,,0,0,0,0,0,0,0,0,false,0,false,0,false,,0,0,,,0,,,,,0,,,,0,,0,0,POINT COOK,prisca.ramirez@tile.com.au,Funds have cleared,,,,1,4
14481336,,,,,,,NEW,2026-06-24,PDI DONE,,30-Sep-26,,,,,,,,,Harmony BYD - VIC,,,,,0,0,CLAYTON READY,,,,ALLOCATED,FLEET,Outside,,,,59184,56868,,fleet,Kahlia Duncan,,fleet,Hylton Flaks,57750,,,Angie Liu,,,Eden Rose Investments Pty Ltd,,,0401574495,,12290,,,11428,FLEET6a3ce17b8a881-1,,LGXCF4CD6T2181764,SEALION 7,PERFORMANCE,ATLANTIS GREY,,,NEW,,,,Nil,0,0,0,0,0,0,0,0,0,0,0,0,false,0,0,0,0,0,0,0,0,0,0,0,0,0,0,0,,,0,0,0,0,,,,,0,,N/A,0,0,0,0,0,0,0,0,,0,0,0,0.00,0.00,0,0,0,0,0,0,0,0,0,,,0,,0,,,,Incomplete,,,,,,0,0,0,,,,,,,0,0,0,0,0,0,0,0,false,0,false,0,false,,0,0,,,0,,,,,0,,,,0,,0,0,,4 have been settled. Awaiting rego plates from NSW.,,,,1,2
14481337,,,,,,,NEW,2026-06-24,PDI DONE,,30-Sep-26,,,,,,,,,Harmony BYD - VIC,,,,,0,0,CLAYTON READY,,,,ALLOCATED,FLEET,Outside,,,,59184,56868,,fleet,Kahlia Duncan,,fleet,Hylton Flaks,57750,,,Angie Liu,,,Eden Rose Investments Pty Ltd,,,0401574495,,12291,,,11427,FLEET6a3ce18479b75-1,,LGXCF4CD4T2181780,SEALION 7,PERFORMANCE,ATLANTIS GREY,,,NEW,,,,Nil,0,0,0,0,0,0,0,0,0,0,0,0,false,0,0,0,0,0,0,0,0,0,0,0,0,0,0,0,,,0,0,0,0,,,,,0,,N/A,0,0,0,0,0,0,0,0,,0,0,0,0.00,0.00,0,0,0,0,0,0,0,0,0,,,0,,0,,,,Incomplete,,,,,,0,0,0,,,,,,,0,0,0,0,0,0,0,0,false,0,false,0,false,,0,0,,,0,,,,,0,,,,0,,0,0,
14481338,,,,,,,NEW,2026-06-24,PDI DONE,,31-Jul-26,,,2026-07-30,,2026-07-30,,2026-07-30,,Harmony BYD - VIC,,,,,0,0,CLAYTON READY,,,,DELIVERED,FLEET,Outside,,,,59184,56868,,fleet,Kahlia Duncan,,fleet,Hylton Flaks,57750,,,Angie Liu,,,Eden Rose Investments Pty Ltd,,,0401574495,,12292,,,11426,FLEET6a3ce18dcbcba-1,GED33K,LGXCF4CD1T2181736,SEALION 7,PERFORMANCE,ATLANTIS GREY,,,NEW,,,,Nil,0,0,0,0,0,0,0,0,0,0,0,0,false,0,0,0,0,0,0,0,0,0,0,0,0,0,0,0,,,0,0,0,0,,,,,0,,N/A,0,0,0,0,0,0,0,0,,0,0,0,0.00,0.00,0,0,0,0,0,0,0,0,0,,,0,,0,,,,Incomplete,,,,,,0,0,0,,,,,,,0,0,0,0,0,0,0,0,false,0,false,0,false,,0,0,,,0,,,,,0,,,,0,,0,0,
14481339,,,,,,,NEW,2026-06-24,PDI DONE,,30-Sep-26,,,,,,,,,Harmony BYD - VIC,,,,,0,0,VELO,,,,ALLOCATED,EFT,Cash,,,,59184,56868,,fleet,Kahlia Duncan,,fleet,Hylton Flaks,57750,,,Angie Liu,,,Eden Rose Investments Pty Ltd,,,0401574495,,12293,,,11425,FLEET6a3ce0ee7d4f3-1,,LGXCF4CDXT2165695,SEALION 7,PERFORMANCE,ATLANTIS GREY,,,NEW,,,,Nil,0,0,0,0,0,0,0,0,0,0,0,0,false,0,0,0,0,0,0,0,0,0,0,0,0,0,0,0,,,0,0,0,0,,,,,0,,N/A,0,0,0,0,0,0,0,0,,0,0,0,0.00,0.00,0,0,0,0,0,0,0,0,0,,,0,,0,,,,Incomplete,,,,,,0,0,0,,,,,,,0,0,0,0,0,0,0,0,false,0,false,0,false,,0,0,,,0,,,,,0,,,,0,,0,0,
14481340,,,,,,,NEW,2026-06-24,PDI DONE,,30-Sep-26,,,,,,,,,Harmony BYD - VIC,,,,,0,0,CLAYTON READY,,,,ALLOCATED,EFT,Cash,,,,59184,56868,,fleet,Kahlia Duncan,,fleet,Hylton Flaks,57750,,,Angie Liu,,,Eden Rose Investments Pty Ltd,,,0401574495,,12294,,,11424,FLEET6a3c8e3b4d88d-1,,LGXCF4CDXT2165681,SEALION 7,PERFORMANCE,ATLANTIS GREY,,,NEW,,,,Nil,0,0,0,0,0,0,0,0,0,0,0,0,false,0,0,0,0,0,0,0,0,0,0,0,0,0,0,0,,,0,0,0,0,,,,,0,,N/A,0,0,0,0,0,0,0,0,,0,0,0,0.00,0.00,0,0,0,0,0,0,0,0,0,,,0,,0,,,,Incomplete,,,,,,0,0,0,,,,,,,0,0,0,0,0,0,0,0,false,0,false,0,false,,0,0,,,0,,,,,0,,,,0,,0,0,
14481341,,,,,,,NEW,2026-06-24,PDI DONE,,30-Sep-26,,,,,,,,,Harmony BYD - VIC,,,,,0,0,CLAYTON READY,,,,ALLOCATED,EFT,Cash,,,,59184,56868,,fleet,Kahlia Duncan,,fleet,Hylton Flaks,57750,,,Angie Liu,,,Eden Rose Investments Pty Ltd,,,0401574495,,12295,,,11423,FLEET6a3c8fad68f1b-1,,LGXCF4CDXT2165664,SEALION 7,PERFORMANCE,ATLANTIS GREY,,,NEW,,,,Nil,0,0,0,0,0,0,0,0,0,0,0,0,false,0,0,0,0,0,0,0,0,0,0,0,0,0,0,0,,,0,0,0,0,,,,,0,,N/A,0,0,0,0,0,0,0,0,,0,0,0,0.00,0.00,0,0,0,0,0,0,0,0,0,,,0,,0,,,,Incomplete,,,,,,0,0,0,,,,,,,0,0,0,0,0,0,0,0,false,0,false,0,false,,0,0,,,0,,,,,0,,,,0,,0,0,
14481342,,,,,,,NEW,2026-06-24,PDI DONE,,30-Sep-26,,,,,,,,,Harmony BYD - VIC,,,,,0,0,CLAYTON READY,,,,ALLOCATED,EFT,Cash,,,,59184,56868,,fleet,Kahlia Duncan,,fleet,Hylton Flaks,57750,,,Angie Liu,,,Eden Rose Investments Pty Ltd,,,0401574495,,12296,,,11422,FLEET6a3c921e79cbb-1,,LGXCF4CDXT2165650,SEALION 7,PERFORMANCE,ATLANTIS GREY,,,NEW,,,,Nil,0,0,0,0,0,0,0,0,0,0,0,0,false,0,0,0,0,0,0,0,0,0,0,0,0,0,0,0,,,0,0,0,0,,,,,0,,N/A,0,0,0,0,0,0,0,0,,0,0,0,0.00,0.00,0,0,0,0,0,0,0,0,0,,,0,,0,,,,Incomplete,,,,,,0,0,0,,,,,,,0,0,0,0,0,0,0,0,false,0,false,0,false,,0,0,,,0,,,,,0,,,,0,,0,0,
14481407,,,,,,,NEW,2026-06-25,PDI DONE,,cancelled,,20-Jul-26,,,,,,,Harmony BYD - VIC,,,,,0,0,CANCELLED,,,,CANCELLED,FLEET,SG FLEET,,,,58134,56868,,fleet,Kahlia Duncan,,fleet,Tim Forbes,57750,,,Angie Liu,,,Damian Spencer,Virgin Australia Airlines Pty Ltd,Damian Spencer,0416281052,FLEET6a3c8f6a5d268,FLEET6a3c8f6a5d268,,,10265,,,SEAL,PREMIUM,ATLANTIS GREY,,,NEW,,,,Nil,0,0,0,0,0,0,0,0,0,0,0,0,true,0,0,0,0,0,0,0,0,0,0,0,0,0,0,0,,,0,0,0,0,,,,,0,Motor One Aftermarket Window Film Ceramic Exterior Protection,N/A,0,0,0,0,0,0,0,0,,0,0,56556.45,0.00,0.00,0,0,0,0,0,0,0,0,0,,,0,,0,,,,Incomplete,,,,,,0,0,0,,,,,,,0,0,0,0,0,0,0,0,false,0,false,0,false,,0,0,,,0,,,,,0,,,,0,,0,0,LARA,damianspencer1@bigpond.com,SG Fleet sent a message that this customer is cancelling. Tried to call today but no answer.,,,,1,2
14484709,,,,,,,NEW,2026-06-25,,,30-Sep-26,,,,,,,,,Harmony BYD - VIC,,,,,0,0,NO ALLOCATION,,,,NOT AVAILABLE,LEASE,MAXXIA,,,,57332,53293,,fleet,Vrinda Gupta,,fleet,Rowland Godeffroy,,,,,,,Ronnie Dela Cruz,,,0497287173,,6a3c908a51856,,,TBA,,,,ATTO 3 EVO,PREMIUM,ATLANTIS GREY,,,NEW,,,,Nil,0,0,0,0,0,0,0,0,0,0,0,0,false,0,0,0,0,0,0,0,0,0,0,0,0,0,0,0,,,0,0,0,0,,,,,0,,N/A,0,0,0,0,0,0,0,0,,0,0,0,0.00,0.00,0,0,0,0,0,0,0,0,0,,,0,,0,,,,Incomplete,,,,,,0,0,0,,,,,,,0,0,0,0,0,0,0,0,false,0,false,0,false,,0,0,,,0,,,,,0,,,,0,,0,0,,ronniedelacruz11@gmail.com,VPO1117389,,,,,5
14484919,,,,,,,NEW,2026-06-25,,10:00 AM,30-Jul-26,,,2026-07-30,,2026-07-30,,2026-07-30,,Harmony BYD - VIC,279899,,,,2,2,DELIVERED,,,,DELIVERED,FLEET,SMART LEASING,,,,56868,56868,,fleet,Kahlia Duncan,,fleet,Kahlia Duncan,58011,,,Amanpreet Singh,,,Sydney Lozada,Epworth HealthCare,Sydney Miles Lozada,0432389066,,FLEET6a3cb9d1ea6c4,,,11919,FLEET6a3cb9d1ea6c4,EBI713,LGXC74C43T0279899,SEALION 6,DYNAMIC EXTENDED,STONE GREY,,,NEW,,,,Nil,0,0,0,0,0,0,0,0,0,0,0,0,true,0,0,0,0,0,0,0,0,0,0,0,0,0,0,0,,,0,0,0,0,,,,,0,,N/A,0,0,0,0,0,0,0,0,,0,0,51902.14,51929.14,0.00,0,0,0,0,0,0,0,0,0,,,0,,0,,,,Incomplete,,,,,,0,0,0,,,,,,,0,0,0,0,0,0,0,0,false,0,false,0,false,,0,0,,,0,,,,,0,,,,0,,0,0,WYNDHAM VALE,sydney.lozada@epworth.org.au,Please contact the customer for delivery she was asking me when she can pick up.,,,,2,8
14491901,,,,,,,NEW,2026-06-25,,,31-Jul-26,,,2026-07-30,,2026-07-30,,2026-07-30,2026-07-06,Harmony BYD - VIC,288345,,,,4,2,DELIVERED,,,,DELIVERED,IHA,ANGLE AUTO FINANCE,,,,57332,53293,,57621,Vrinda Gupta,,Vinay Viroja,Rowland Godeffroy,,,,,,,MPS BROS PTY LTD,,Manjinder Singh,0466095320,,6a3cceacc6317,,,11389,,2FI5YF,LPE19W2A2TF288345,SHARK 6,PREMIUM,MIST GREY,,,NEW,,,,BYD 1.88% 3Yr Commercial,58088.75,36,0,0,0,0,0,1.88,0,1.88,0,1595,true,0,0,0,0,0,0,0,0,0,0,0,0,0,0,0,,,0,0,0,0,,,,11735190,1.88,,N/A,0,0,0,0,0,0,0,0,,0,0,0,0.00,0.00,1595,0,0,0,0,0,0,0,0,,,0,,0,,,,Incomplete,,,,,,0,0,0,,,,,,,0,0,0,0,0,0,0,0,false,0,false,0,false,,0,0,,,0,,,,,0,,,,0,,0,0,,mpsbrothers87@yahoo.com
14491908,,,,,,,NEW,2026-06-25,PDI DONE,10:00 AM,21-Jul-26,,,2026-07-21,,2026-07-24,,2026-07-24,,Harmony BYD - VIC,196153,,,,4,2,DELIVERED,,,,DELIVERED,FLEET,DRIVA,,,June 26,57332,57488,,fleet,Sadman Chowdhury,,fleet,Rowland Godeffroy,,,,,,,Sharad Sekhri,,,0403612520,,INV6a3cc57e424b7,,,10045,,EBI802,LGXCH4CD5T2196153,SEALION 7,PREMIUM,AURORA WHITE,,,NEW,,,,Nil,0,0,0,0,0,0,0,0,0,0,0,0,false,0,0,0,0,0,0,0,0,0,0,0,0,0,0,0,,,0,0,0,0,,,,,0,,N/A,0,0,0,0,0,0,0,0,,0,0,0,0.00,0.00,0,0,0,0,0,0,0,0,0,,,0,,0,,,,Incomplete,,,,,,0,0,0,,,,,,,0,0,0,0,0,0,0,0,false,0,false,0,false,,0,0,,,0,,,,,0,,,,0,,0,0,,sharadsekhri@hotmail.com,They're still organising docs for the customer,,,,1,4
14492281,,,,,,,NEW,2026-06-25,PDI DONE,,31-Jul-26,,,2026-07-09,,2026-07-09,,2026-07-09,2026-06-26,Harmony BYD - VIC,,,,,0,0,DELIVERED,,,,DELIVERED,IHA,ANGLE AUTO FINANCE,,,,57332,44955,,57621,Sonia Lai,,Vinay Viroja,Rowland Godeffroy,,,,,,,Tung & Sons Transport Pty Ltd,,Tejpartap Singh,0448444231,,INV6a3cdac7e5aff,,,10631,,EBI831,LGXC74C46T0269898,SEALION 6,ESSENTIAL,ARTIC WHITE,,,NEW,,,,BYD 3.88% 5yr Commercial,41901.95,60,0,0,0,0,0,3.88,0,3.88,0,1595,true,0,0,0,0,0,0,0,0,0,0,0,0,0,0,0,,,0,0,0,0,,,,11733131,0,,N/A,0,0,0,0,0,0,0,0,,0,0,0,0.00,0.00,1595,0,0,0,0,0,0,0,0,,,0,,0,,,,Incomplete,,,,,,0,0,0,,,,,,,0,0,0,0,0,0,0,0,false,0,false,0,false,,0,0,,,0,,,,,0,,,,0,,0,0,,tejpartap1996.singh@gmail.com,,,,,1
14499172,,,,,,,NEW,2026-06-26,PDI DONE,10:00 AM,07-Jul-26,,,2026-07-07,,2026-07-07,,2026-07-07,,Harmony BYD - VIC,,,,,0,0,DELIVERED,,,,DELIVERED,FLEET,FLARE,,,,58134,56868,,fleet,Kahlia Duncan,,fleet,Tim Forbes,57750,,,Angie Liu,,,Saber Moawwad,,Saber Moawwad,0412915008,,FLEET6a3dd4cfb72db,,,10228,FLEET6a3dd4cfb72db,2FI9QO,LGXCH4CD5T2188294,SEALION 7,PREMIUM,Shark Grey,,,NEW,,,,Nil,0,0,0,0,0,0,0,0,0,0,0,0,true,0,0,0,0,0,0,0,0,0,0,0,0,0,0,0,,,0,0,0,0,,,,,0,,N/A,0,0,0,0,0,0,0,0,,0,0,58682.25,58682.25,0.00,0,0,0,0,0,0,0,0,0,,,0,,0,,,,Incomplete,,,,,,0,0,0,,,,,,,0,0,0,0,0,0,0,0,false,0,false,0,false,,0,0,,,0,,,,,0,,,,0,,0,0,MICKLEHAM,saber.ahmed40@yahoo.com,Remittance received. Pls organize delivery once the money cleared.,,,,1,4
14503024,,,,,,,NEW,2026-06-26,PDI DONE,04:00 PM,15-Jul-26,,,2026-07-16,,2026-07-16,,2026-07-16,2026-06-27,Harmony BYD - VIC,,,,,0,0,DELIVERED,,,,DELIVERED,IHA,ANGLE AUTO FINANCE,,,,57283,56187,,56895,Philip Tan,,Brogan Parker,Greg Dennis,,,,,,,JNSK PTY LTD,,,0433741771,,INV6a3dabafeb920,,,10788,,2FI9LY,LGXCD4C44T0267639,SEALION 8,PREMIUM AWD,RIDGE GREY,,,NEW,,,,BYD 1.88% 3Yr Commercial,69896.15,36,0,0,0,0,0,0,0,1.88,0,1595,true,0,0,0,0,0,0,0,0,0,0,0,0,0,0,0,,,0,0,0,0,,,,11733953,0,,N/A,0,0,0,0,0,0,0,0,,0,0,0,0.00,0.00,1595,0,0,0,0,0,0,0,0,,,0,,0,,,,Incomplete,,,,,,0,0,0,,,,,,,0,0,0,0,0,0,0,0,false,0,false,0,false,,0,0,,,0,,,,,0,,,,0,,0,0,WYNDHAMVALE,harmangoraya89@gmail.com,get rego to Evelyn asap please,,,,1,2
14504441,,,,,,,NEW,2026-06-26,PDI DONE,12:30 PM,17-Jul-26,,,2026-07-17,,2026-07-17,,2026-07-17,,Harmony BYD - VIC,,,,,0,0,DELIVERED,,,,DELIVERED,EFT,Cash,,,June 26,57332,54504,,No Opportunity,Gunesh Ramu,,No Opportunity,Rowland Godeffroy,,,,,,,Subhabroto Dhar,,,0420373144,,INV6a3de6086efe9,,,10594,,2FI9ME,LC0CE4CB2T0121934,DOLPHIN,PREMIUM,ATLANTIS GREY,,,NEW,,,,Nil,0,0,0,0,0,0,0,0,0,0,0,0,true,0,0,0,0,0,0,0,0,0,0,0,0,0,0,0,,,0,0,0,0,,,,,0,,N/A,0,0,0,0,0,0,0,0,,0,0,0,0.00,0.00,0,0,0,0,0,0,0,0,0,,,0,,0,,,,Incomplete,,,,,,0,0,0,,,,,,,0,0,0,0,0,0,0,0,false,0,false,0,false,,0,0,,,0,,,,,0,,,,0,,0,0,,subhabrotodhar@gmail.com,,,,,1
14504456,,,,,,,NEW,2026-06-26,PDI DONE,11:00 AM,21-Jul-26,,,2026-07-21,,2026-07-21,,2026-07-21,2026-07-03,Harmony BYD - VIC,,,,,0,0,DELIVERED,,,,DELIVERED,IHA,ANGLE AUTO FINANCE,,,,57332,58011,,57621,Amanpreet Singh,,Vinay Viroja,Rowland Godeffroy,,,,,,,SAMIULLAH MOHAMMED,,,0416186630,,INV6a3dc6f1f2e9e,,,10640,,2FI9ML,LGXC74C4XT0269922,SEALION 6,DYNAMIC EXTENDED,COSMOS BLACK,,,NEW,,,,BYD 1.88% 3Yr Commercial,53269.95,36,0,0,0,0,0,1.88,0,1.88,0,1595,true,0,0,0,0,0,0,0,0,0,0,0,0,0,0,0,,,0,0,0,0,,,,11734641,1.88,,N/A,0,0,0,0,0,0,0,0,,0,0,0,0.00,0.00,1595,0,0,0,0,0,0,0,0,,,0,,0,,,,Incomplete,,,,,,0,0,0,,,,,,,0,0,0,0,0,0,0,0,false,0,false,0,false,,0,0,,,0,,,,,0,,,,0,,0,0,,mohammed.samiullah999@gmail.com,,,,,1
14504549,,,,,,,NEW,2026-06-26,,,31-Jul-26,,,2026-07-30,,2026-07-30,,2026-07-30,2026-06-29,Harmony BYD - VIC,299485,,,,2,2,DELIVERED,,,,DELIVERED,IHA,ANGLE AUTO FINANCE,,,June 26,57332,58011,,57621,Amanpreet Singh,,Vinay Viroja,Rowland Godeffroy,,,,,,,GKP ENTERPRISES PTY LTD,,DALVIR SINGH,0430019897,,INV6a3dbfa89110c,,,11383,,2FI9AS,LPE19W2A7TF299485,SHARK 6,PREMIUM,TIDAL BLACK,,,NEW,,,,BYD 1.88% 3Yr Commercial,58388.75,36,0,0,0,0,0,1.88,0,1.88,0,1595,true,0,0,0,0,0,0,0,0,0,0,0,0,0,0,0,,,0,0,0,0,,,,11723488,1.88,,N/A,0,0,0,0,0,0,0,0,,0,0,0,0.00,0.00,1595,0,0,0,0,0,0,0,0,,,0,,0,,,,Incomplete,,,,,,0,0,0,,,,,,,0,0,0,0,0,0,0,0,false,0,false,0,false,,0,0,,,0,,,,,0,,,,0,,0,0,,gkp.e.ptyltd@gmail.com
14504759,,,,,,,NEW,2026-06-26,,03:00 PM,17-Jul-26,,,2026-07-17,,2026-07-17,,2026-07-17,,Harmony BYD - VIC,,,,,0,0,DELIVERED,,,,DELIVERED,FLEET,SG FLEET,,,,58134,56868,,fleet,Kahlia Duncan,,fleet,Tim Forbes,57750,,,Angie Liu,,,Priscilla Saofai,"Department of Families, Fairness and Housing (Vic)",Priscilla Saofai,0430524602,,FLEET6a3e277b21b7d,,,7175,,2FI9MI,LPE19W2A2TF171008,SHARK 6,PERFORMANCE,TIDAL BLACK,,,NEW,,,,Nil,0,0,0,0,0,0,0,0,0,0,0,0,true,0,0,0,0,0,0,0,0,0,0,0,0,0,0,0,,,0,0,0,0,,,,,0,,N/A,0,0,0,0,0,0,0,0,,0,0,71462.75,71462.75,0.00,0,0,0,0,0,0,0,0,0,,,0,,0,,,,Incomplete,,,,,,0,0,0,,,,,,,0,0,0,0,0,0,0,0,false,0,false,0,false,,0,0,,,0,,,,,0,,,,0,,0,0,WOLLERT,cillasaofai@gmail.com,cx called to FF can you call the cx please,,,,,5
14509593,,,,,,,NEW,2026-06-27,,10:00 AM,31-Jul-26,,,2026-07-31,,2026-07-31,,2026-07-31,2026-07-06,Harmony BYD - VIC,299449,,,,2,1,DELIVERED,,,,DELIVERED,IHA,ANGLE AUTO FINANCE,,,,,57488,,57621,Sadman Chowdhury,,Vinay Viroja,,,,,,,,Raghudeep Raghudeep,,,0433433847,,INV6a3f0bd726079,,,11378,,WEPB02,LPE19W2A3TF299449,SHARK 6,PREMIUM,TIDAL BLACK,,,NEW,,,,BYD 3.88% 5yr Commercial,58088.75,60,0,0,0,0,0,3.88,0,3.88,0,1595,true,0,0,0,0,0,0,0,0,0,0,0,0,0,0,0,,,0,0,0,0,,,,11735428,3.88,,N/A,0,0,0,0,0,0,0,0,,0,0,0,0.00,0.00,1595,0,0,0,0,0,0,0,0,,,0,,0,,,,Incomplete,,,,,,0,0,0,,,,,,,0,0,0,0,0,0,0,0,false,0,false,0,false,,0,0,,,0,,,,,0,,,,0,,0,0,,rdeeofficial9@gmail.com
14511916,,,,,,,NEW,2026-06-27,PDI DONE,01:00 PM,17-Jul-26,,,2026-07-17,,2026-07-17,,2026-07-17,,Harmony BYD - VIC,,,,,0,0,DELIVERED,,,,DELIVERED,LEASE,CBA,,,,57332,44955,,fleet,Sonia Lai,,fleet,Rowland Godeffroy,,,,,,,Ahmed Faraaz,,,0433079123,,INV6a3f389e6113a,,,10233,,EBI839,LGXCH4CD6T2196193,SEALION 7,PREMIUM,AURORA WHITE,,,NEW,,,,Nil,0,0,0,0,0,0,0,0,0,0,0,0,true,0,0,0,0,0,0,0,0,0,0,0,0,0,0,0,,,0,0,0,0,,,,,0,,N/A,0,0,0,0,0,0,0,0,,0,0,57397.25,57397.25,0.00,0,0,0,0,0,0,0,0,0,,,0,,0,,,,Incomplete,,,,,,0,0,0,,,,,,,0,0,0,0,0,0,0,0,false,0,false,0,false,,0,0,,,0,,,,,0,,,,0,,0,0,,ahmeddx@gmail.com,Remittance received. Pls organize delivery once the money cleared.,,,,1,4
14512028,,,,,,,NEW,2026-06-27,PDI DONE,,cancelled,,14-Jul-26,,,,,,,Harmony BYD - VIC,,,,,0,0,CANCELLED,,,,CANCELLED,LEASE,Outside,,,,57332,54504,,HOUSE,Gunesh Ramu,,HOUSE,Rowland Godeffroy,,,,,,,Veer D A Fowdar,,,0402760430,,INV6a3f2a33661c3,,,9597,,,SEALION 8,PREMIUM AWD,AURORA WHITE,,,NEW,,,,Nil,0,0,0,0,0,0,0,0,0,0,0,0,false,0,0,0,0,0,0,0,0,0,0,0,0,0,0,0,,,0,0,0,0,,,,,0,,N/A,0,0,0,0,0,0,0,0,,0,0,0,0.00,0.00,0,0,0,0,0,0,0,0,0,,,0,,0,,,,Incomplete,,,,,,0,0,0,,,,,,,0,0,0,0,0,0,0,0,false,0,false,0,false,,0,0,,,0,,,,,0,,,,0,,0,0,,murvin.fowdar@gmail.com,What can I help with?,,,,1,3
14512057,,,,,,,NEW,2026-06-27,PDI DONE,05:00 PM,01-Jul-26,,,2026-07-06,,2026-07-06,,2026-07-06,,Harmony BYD - VIC,,,,,0,0,DELIVERED,,,,DELIVERED,FLEET,MAXXIA,,,,57332,59400,,fleet,Gary Goh,,fleet,Rowland Godeffroy,,,,,,,ETHAN ROSS,,,0412191096,,INV6a3f19b7a40bd,,,10482,,2FI9QV,LGXCH4CD5T2181880,SEALION 7,PREMIUM,SHARK GREY,,,NEW,,,,Nil,0,0,0,0,0,0,0,0,0,0,0,0,false,0,0,0,0,0,0,0,0,0,0,0,0,0,0,0,,,0,0,0,0,,,,,0,,N/A,0,0,0,0,0,0,0,0,,0,0,58622.85,58622.85,0.00,0,0,0,0,0,0,0,0,0,,,0,,0,,,,Incomplete,,,,,,0,0,0,,,,,,,0,0,0,0,0,0,0,0,false,0,false,0,false,,0,0,,,0,,,,,0,,,,0,,0,0,,ethan.ross888@gmail.com,Remittance received please organise delivery once funds have cleared.,,,,1,3
14513130,,,,,,,NEW,2026-06-27,PDI DONE,10:00 AM,12-Aug-26,,,2026-08-12,,2026-09-30,,2026-08-12,,Harmony BYD - VIC,,,,,0,0,DELIVERED,,,,DELIVERED,C,Cash,,,,57332,54504,,,Gunesh Ramu,,,Rowland Godeffroy,,,,,,,Jose Seronics Muttungal Augustin,,,0487598862,,INV6a3f6c0aaccb5,,,7161,,On Permit 1,LPE19W2A4TF170202,SHARK 6,PERFORMANCE,OUTBACK ORANGE,,,NEW,,,,Nil,0,0,0,0,0,0,0,0,0,0,0,0,true,0,0,0,0,0,0,0,0,0,0,0,0,0,0,0,,,0,0,0,0,,,,,0,,N/A,0,0,0,0,0,0,0,0,,0,0,0,0.00,0.00,0,0,0,0,0,0,0,0,0,,,0,,0,,,,Incomplete,,,,,,0,0,0,,,,,,,0,0,0,0,0,0,0,0,false,0,false,0,false,,0,0,,,0,,,,,0,,,,0,,0,0,,jseronics@gmail.com,,,,,1
14514509,,,,,,,NEW,2026-06-28,,,30-Sep-26,,,,,,,,,Harmony BYD - VIC,2239636,,,,1,3,CLAYTON PD,,,,ALLOCATED,LEASE,SG FLEET,,,,57332,53293,,fleet,Vrinda Gupta,,fleet,Rowland Godeffroy,,,,,,,Lucy Craigie,,,0400241307,,6a4078bca6145,,,13042,,,LGXCH4CD0T2239636,ATTO 3,PREMIUM,HARBOUR GREY,,,NEW,,,,Nil,0,0,0,0,0,0,0,0,0,0,0,0,true,0,0,0,0,0,0,0,0,0,0,0,0,0,0,0,,,0,0,0,0,,,,,0,,N/A,0,0,0,0,0,0,0,0,,0,0,0,0.00,0.00,0,0,0,0,0,0,0,0,0,,,0,,0,,,,Incomplete,,,,,,0,0,0,,,,,,,0,0,0,0,0,0,0,0,false,0,false,0,false,,0,0,,,0,,,,,0,,,,0,,0,0,,lucy.craigie@gmail.com
14514822,,,,,,,NEW,2026-06-28,PDI DONE,,19-Jul-26,,,2026-07-19,,2026-07-19,,2026-07-19,,Harmony BYD - VIC,,,,,0,0,DELIVERED,,,,DELIVERED,FLEET,Toyota Finance Australia Limited,,,,57332,58183,,fleet,Sunny Singh,,fleet,Rowland Godeffroy,,,,,,,Sumir Bansal,,,0455321457,,INV6a4099d89028e,,,9177,,2FI9MJ,LGXCF4CD6T2160235,SEALION 7,PERFORMANCE,AURORA WHITE,,,NEW,,,,Nil,0,0,0,0,0,0,0,0,0,0,0,0,true,0,0,0,0,0,0,0,0,0,0,0,0,0,0,0,,,0,0,0,0,,,,,0,,N/A,0,0,0,0,0,0,0,0,,0,0,65539.85,65539.85,0.00,0,0,0,0,0,0,0,0,0,,,0,,0,,,,Incomplete,,,,,,0,0,0,,,,,,,0,0,0,0,0,0,0,0,false,0,false,0,false,,0,0,,,0,,,,,0,,,,0,,0,0,,sumir.bansal@infrabuild.com,Remittance received. Pls organize delivery once the money cleared.,,,,1,6
14515636,,,,,,,NEW,2026-06-29,PDI DONE,05:30 PM,31-Jul-26,,,2026-07-31,,2026-07-31,,2026-07-31,,Harmony BYD - VIC,,,,,0,0,DELIVERED,,,,DELIVERED,FLEET,SG FLEET,,,,58134,56868,,fleet,Kahlia Duncan,,fleet,Tim Forbes,57750,,,Angie Liu,,,Daniel Crook,Fire Rescue Victoria (CFA),Daniel Crook,0401962995,,FLEET6a41a6da94dd8,,,10684,FLEET6a41a6da94dd8,2FI9AV,LGXCH6CD8T2191119,SEAL,PREMIUM,AURORA WHITE,,,NEW,,,,Nil,0,0,0,0,0,0,0,0,0,0,0,0,true,0,0,0,0,0,0,0,0,0,0,0,0,0,0,0,,,0,0,0,0,,,,,0,,N/A,0,0,0,0,0,0,0,0,,0,0,54492.85,54492.85,0.00,0,0,0,0,0,0,0,0,0,,,0,,0,,,,Incomplete,,,,,,0,0,0,,,,,,,0,0,0,0,0,0,0,0,false,0,false,0,false,,0,0,,,0,,,,,0,,,,0,,0,0,TORQUAY,crookdj@gmail.com,Remittance received. Please book the customer in for delivery.,,,,1,8
14515688,,,,,,,NEW,2026-06-27,,10:00 AM,31-Jul-26,,,2026-07-30,,2026-08-31,,2026-08-31,2026-07-06,Harmony BYD - VIC,288513,,,,3,1,DELIVERED,,,,DELIVERED,IHA,ANGLE AUTO FINANCE,,,,57332,54504,,57621,Gunesh Ramu,,Vinay Viroja,Rowland Godeffroy,,,,,,,Jibish Velaparambil Jayachandran,,,0468378129,,INV6a3f6cd93cd04,,,11373,,UNREG PERMIT,LPE19W2A8TF288513,SHARK 6,PREMIUM,MIST GREY,,,NEW,,,,BYD 1.88% 3Yr Consumer,60852,36,0,0,0,0,0,1.88,0,1.88,0,1395,true,0,0,0,0,0,0,0,0,0,0,0,0,0,0,0,,,0,0,0,0,,,,11736598,1.88,,N/A,0,0,0,0,0,0,0,0,,0,0,0,0.00,0.00,1395,0,0,0,0,0,0,0,0,,,0,,0,,,,Incomplete,,,,,,0,0,0,,,,,,,0,0,0,0,0,0,0,0,false,0,false,0,false,,0,0,,,0,,,,,0,,,,0,,0,0,,haseenajidish@gmail.com
14524306,,,,,,,NEW,2026-06-29,PDI DONE,11:00 AM,07-Jul-26,,,2026-07-07,,2026-07-07,,2026-07-07,,Harmony BYD - VIC,,,,,0,0,DELIVERED,,,,DELIVERED,OFA,Outside,,,,57332,54504,,fleet,Gunesh Ramu,,fleet,Rowland Godeffroy,,,,,,,julian barrett,,,0439866197,,INV6a41aabc8e588,,,10032,,2FI9QR,LGXCH4CD4T2188092,SEALION 7,PREMIUM,SHARK GREY,,,NEW,,,,Nil,0,0,0,0,0,0,0,0,0,0,0,0,false,0,0,0,0,0,0,0,0,0,0,0,0,0,0,0,,,0,0,0,0,,,,,0,,N/A,0,0,0,0,0,0,0,0,,0,0,0,0.00,0.00,0,0,0,0,0,0,0,0,0,,,0,,0,,,,Incomplete,,,,,,0,0,0,,,,,,,0,0,0,0,0,0,0,0,false,0,false,0,false,,0,0,,,0,,,,,0,,,,0,,0,0,,juliancassidy@icloud.com,,,,,1
14524325,,,,,,,NEW,2026-06-29,PDI DONE,04:00 PM,03-Jul-26,,,2026-07-03,,2026-07-03,,2026-07-03,,Harmony BYD - VIC,,,,,0,0,DELIVERED,,,,DELIVERED,EFT,Cash,,,,57332,58183,,No Opportunity,Sunny Singh,,No Opportunity,Rowland Godeffroy,,,,,,,Ma. Theresa Dela Cruz,,,0435120674,,INV6a41b6c16c3d9,,,10598,,2FI9PB,LC0CE4CB5T0121894,DOLPHIN,PREMIUM,ATLANTIS GREY,,,NEW,,,,Nil,0,0,0,0,0,0,0,0,0,0,0,0,true,0,0,0,0,0,0,0,0,0,0,0,0,0,0,0,,,0,0,0,0,,,,,0,,N/A,0,0,0,0,0,0,0,0,,0,0,0,0.00,0.00,0,0,0,0,0,0,0,0,0,,,0,,0,,,,Incomplete,,,,,,0,0,0,,,,,,,0,0,0,0,0,0,0,0,false,0,false,0,false,,0,0,,,0,,,,,0,,,,0,,0,0,,mendezma.theresa@yahoo.com,,,,,1
14524331,,,,,,,NEW,2026-06-29,,,cancelled,,03-Aug-26,,,,,,,Harmony BYD - VIC,7112446,,,,1,3,CANCELLED,,,,CANCELLED,C,Cash,,,,57332,54504,,No Opportunity,Gunesh Ramu,,No Opportunity,Rowland Godeffroy,,,,,,,Lamberto G Calipes,,,0432851481,,6a41d9999afe9,,,11859,,,SEALION 5,PREMIUM,COSMOS BLACK,,,NEW,,,,Nil,0,0,0,0,0,0,0,0,0,0,0,0,false,0,0,0,0,0,0,0,0,0,0,0,0,0,0,0,,,0,0,0,0,,,,,0,,N/A,0,0,0,0,0,0,0,0,,0,0,0,0.00,0.00,0,0,0,0,0,0,0,0,0,,,0,,0,,,,Incomplete,,,,,,0,0,0,,,,,,,0,0,0,0,0,0,0,0,false,0,false,0,false,,0,0,,,0,,,,,0,,,,0,,0,0,,trebmalsepilac@yahoo.com.au
14524346,,,,,,,NEW,2026-06-27,PDI DONE,04:00 PM,03-Jul-26,,,2026-07-03,,2026-07-03,,2026-07-03,2026-07-01,Harmony BYD - VIC,,,,,0,0,DELIVERED,,,,DELIVERED,IHA,ANGLE AUTO FINANCE,,,,57332,58011,,57621,Amanpreet Singh,,Vinay Viroja,Rowland Godeffroy,,,,,,,mandeep kaur,,,0433425715,,INV6a3f7352e6a8e,,,5723,,2FI9OZ,LGXC74C43T0181052,SEALION 8,DYNAMIC FWD,AURORA WHITE,,,NEW,,,,BYD 3.88% 5yr Consumer,53389.95,60,0,0,0,0,0,3.88,0,3.88,0,1395,true,0,0,0,0,0,0,0,0,0,0,0,0,0,0,0,,,0,0,0,0,,,,11735778,3.88,,N/A,0,0,0,0,0,0,0,0,,0,0,0,0.00,0.00,1395,0,0,0,0,0,0,0,0,,,0,,0,,,,Incomplete,,,,,,0,0,0,,,,,,,0,0,0,0,0,0,0,0,false,0,false,0,false,,0,0,,,0,,,,,0,,,,0,,0,0,,ravinder_tiwana@yahoo.com,,,,,1
14525934,,,,,,,NEW,2026-06-29,,11:30 AM,10-Jul-26,,,2026-07-10,,2026-07-10,,2026-07-10,2026-07-03,Harmony BYD - VIC,,,,,0,0,DELIVERED,,,,DELIVERED,IHA,A88 Finance,,,,57332,57157,,53244,Annie Huynh,,Jess Lam,Rowland Godeffroy,,,,,,,Michael Prickett,,,0452651340,,6a41d71d3cfe5,,,9627,,2FI9QJ,LGXCD4C47T0253590,SEALION 6,PREMIUM EXTENDED,ARTIC WHITE,,,NEW,,,,Consumer,31676.35,84,0,0,0,0,0,0,0,8.89,575,0,true,0,0,0,0,0,0,0,0,0,0,0,0,0,0,0,,,0,0,0,0,,,,,0,,N/A,0,0,0,0,0,0,0,0,,0,0,0,0.00,0.00,575,0,0,0,0,0,0,0,0,,,0,,0,,,,Incomplete,MAZDA CX9,,2AR7TL,,,23500,0,1,,,,,,,,0,0,0,0,0,0,0,0,false,0,false,0,false,,0,0,,,0,,MAZDA CX9,,,0,,,,0,,0,0,,,TRADE IN CAR 2AR7TL Base rate dof only deal,,,,1,1
14525980,,,,,,,NEW,2026-06-29,,,31-Jul-26,,,2026-07-30,,2026-07-30,,2026-07-30,2026-07-01,Harmony BYD - VIC,288481,,,,4,2,DELIVERED,,,,DELIVERED,IHA,ANGLE AUTO FINANCE,,,,57332,53293,,57621,Vrinda Gupta,,Vinay Viroja,Rowland Godeffroy,,,,,,,Pushpinder Singh Virk,,,0424800837,,INV6a41fc68736ab,,,11374,,2FI9AE,LPE19W2AXTF288481,SHARK 6,PREMIUM,MIST GREY,,,NEW,,,,BYD 1.88% 3Yr Commercial,54388.75,36,0,0,0,0,0,1.88,0,1.88,0,1595,true,0,0,0,0,0,0,0,0,0,0,0,0,0,0,0,,,0,0,0,0,,,,11738481,1.88,,N/A,0,0,0,0,0,0,0,0,,0,0,0,0.00,0.00,1595,0,0,0,0,0,0,0,0,,,0,,0,,,,Incomplete,,,,,,0,0,0,,,,,,,0,0,0,0,0,0,0,0,false,0,false,0,false,,0,0,,,0,,,,,0,,,,0,,0,0,,virkpushpinder91@gmail.com,,,,,1
14526018,,,,,,,NEW,2026-06-29,PDI DONE,03:00 PM,06-Jul-26,,,2026-07-07,,2026-07-07,,2026-07-07,2026-07-06,Harmony BYD - VIC,,,,,0,0,DELIVERED,06-Jul-26,,,DELIVERED,IHA,ANGLE AUTO FINANCE,,,,57332,58183,,57621,Sunny Singh,,Vinay Viroja,Rowland Godeffroy,,,,,,,PRABHNOOR SETHI,,,0470057878,,INV6a42003b81cd2,,,10636,,2FI9QP,LGXC74C48T0269918,SEALION 6,DYNAMIC EXTENDED,ARTIC WHITE,,,NEW,,,,BYD 1.88% 3Yr Commercial,42269.95,36,0,0,0,0,0,1.88,0,1.88,0,1595,true,0,0,0,0,0,0,0,0,0,0,0,0,0,0,0,,,0,0,0,0,,,,11738161,1.88,,N/A,0,0,0,0,0,0,0,0,,0,0,0,0.00,0.00,1595,0,0,0,0,0,0,0,0,,,0,,0,,,,Incomplete,,,,,,0,0,0,,,,,,,0,0,0,0,0,0,0,0,false,0,false,0,false,,0,0,,,0,,,,,0,,,,0,,0,0,,psvlogs.digitalmedia@gmail.com,,,,,1
14527258,,,,,,,NEW,2026-06-29,,,cancelled,,02-Jul-26,,,,,,,Harmony BYD - VIC,,,,,0,0,CANCELLED,,,,CANCELLED,C,Cash,,,,57332,59400,,No Opportunity,Gary Goh,,No Opportunity,Rowland Godeffroy,,,,,,,STACIE VOLPATO,,,0450521357,,6a41fcb24f445,,,11569,,,SEALION 5,ESSENTIAL,AURORA WHITE,,,NEW,,,,Nil,0,0,0,0,0,0,0,0,0,0,0,0,true,0,0,0,0,0,0,0,0,0,0,0,0,0,0,0,,,0,0,0,0,,,,,0,,N/A,0,0,0,0,0,0,0,0,,0,0,0,0.00,0.00,0,0,0,0,0,0,0,0,0,,,0,,0,,,,Incomplete,,,,,,0,0,0,,,,,,,0,0,0,0,0,0,0,0,false,0,false,0,false,,0,0,,,0,,,,,0,,,,0,,0,0,,staciemez@gmail.com
14527282,,,,,,,NEW,2026-06-29,PDI DONE,04:30 PM,09-Jul-26,,,2026-07-09,,2026-07-15,,2026-07-15,2026-07-06,Harmony BYD - VIC,,,,,0,0,DELIVERED,,,,DELIVERED,IHA,ANGLE AUTO FINANCE,,,,57332,54504,,57621,Gunesh Ramu,,Vinay Viroja,Rowland Godeffroy,,,,,,,jai narasimha pty ltd,,Suraj R Gaddam,0452457277,,INV6a420ae57f4c3,,,9662,,2FI9RD,LGXCD4C48T0242646,SEALION 8,PREMIUM AWD,COSMOS BLACK,,,NEW,,,,BYD 1.88% 3Yr Commercial,76785.2,36,0,0,0,0,0,1.88,0,1.88,0,1595,true,0,0,0,0,0,0,0,0,0,0,0,0,0,0,0,,,0,0,0,0,,,,11738677,1.88,,N/A,0,0,0,0,0,0,0,0,,0,0,0,0.00,0.00,1595,0,0,0,0,0,0,0,0,,,0,,0,,,,Incomplete,,,,,,0,0,0,,,,,,,0,0,0,0,0,0,0,0,false,0,false,0,false,,0,0,,,0,,,,,0,,,,0,,0,0,,surajgaddam3338@gmail.com,,,,,1
14527459,,,,,,,NEW,2026-06-29,,,31-Jul-26,,,2026-07-30,,2026-07-30,,2026-07-30,2026-07-06,Harmony BYD - VIC,288454,,,,4,1,DELIVERED,,,,DELIVERED,IHA,ANGLE AUTO FINANCE,,,,57332,58011,,57621,Amanpreet Singh,,Vinay Viroja,Rowland Godeffroy,,,,,,,SKR Melbourne Transport Pty Ltd,,Navdeep Singh Brar,0434830420,,INV6a420cb2601cf,,,11391,,2FI9UG,LPE19W2A7TF288454,SHARK 6,PREMIUM,,,,NEW,,,,BYD 1.88% 3Yr Commercial,64410.75,36,0,0,0,0,0,1.88,0,1.88,0,1595,true,0,0,0,0,0,0,0,0,0,0,0,0,0,0,0,,,0,0,0,0,,,,11738656,1.88,,N/A,0,0,0,0,0,0,0,0,,0,0,0,0.00,0.00,1595,0,0,0,0,0,0,0,0,,,0,,0,,,,Incomplete,,,,,,0,0,0,,,,,,,0,0,0,0,0,0,0,0,false,0,false,0,false,,0,0,,,0,,,,,0,,,,0,,0,0,,info.skrmelbourne@gmail.com
14527513,,,,,,,NEW,2026-06-29,,,cancelled,,03-Jul-26,,,,,,,Harmony BYD - VIC,,,,,0,0,CANCELLED,,,,CANCELLED,,,,,,57332,57488,,No Opportunity,Sadman Chowdhury,,No Opportunity,Rowland Godeffroy,,,,,,,SPEEDEX GROUP PTY LTD,,Vernon Millott,0417020246,,INV6a420e2acb104,,,11388,,,SHARK 6,PREMIUM,MIST GREY,,,NEW,,,,Nil,0,0,0,0,0,0,0,0,0,0,0,0,true,0,0,0,0,0,0,0,0,0,0,0,0,0,0,0,,,0,0,0,0,,,,,0,,N/A,0,0,0,0,0,0,0,0,,0,0,0,0.00,0.00,0,0,0,0,0,0,0,0,0,,,0,,0,,,,Incomplete,,,,,,0,0,0,,,,,,,0,0,0,0,0,0,0,0,false,0,false,0,false,,0,0,,,0,,,,,0,,,,0,,0,0,,vern.m@speedexgroup.com
14527534,,,,,,,NEW,2026-06-29,PDI DONE,11:00 AM,23-Jul-26,,,2026-07-23,,2026-07-23,,2026-07-23,,Harmony BYD - VIC,,,,,0,0,DELIVERED,,,,DELIVERED,FLEET,SMART LEASING,,,,57332,58183,,fleet,Sunny Singh,,fleet,Rowland Godeffroy,,,,,,,Kyrillos Tawadros,,,0411518399,,INV6a420ad6a3e89,,,10856,,2FI9TZ,LGXCH4CD9T2196365,SEALION 7,PREMIUM,AURORA WHITE,,,NEW,,,,Nil,0,0,0,0,0,0,0,0,0,0,0,0,false,0,0,0,0,0,0,0,0,0,0,0,0,0,0,0,,,0,0,0,0,,,,,0,,N/A,0,0,0,0,0,0,0,0,,0,0,57030.45,57030.45,0.00,0,0,0,0,0,0,0,0,0,,,0,,0,,,,Incomplete,,,,,,0,0,0,,,,,,,0,0,0,0,0,0,0,0,false,0,false,0,false,,0,0,,,0,,,,,0,,,,0,,0,0,,aiman_azmy@yahoo.com,Remittance received. Pls book delivery check the cleared fund before released.,,,,1,4
14527733,,,,,,,NEW,2026-06-29,,12:00 PM,29-Jul-26,,,2026-07-30,,2026-07-30,,2026-07-30,,Harmony BYD - VIC,2199902,,,,3,2,DELIVERED,,,,DELIVERED,FLEET,SG FLEET,,,,57332,58011,,fleet,Amanpreet Singh,,fleet,Rowland Godeffroy,,,,,,,Jason Rodrigues,,,0431442325,,INV6a42116e147b5,,,11030,,EBI783,LGXCH4CD2T2199902,SEALION 7,PREMIUM,COSMOS BLACK,,,NEW,,,,Nil,0,0,0,0,0,0,0,0,0,0,0,0,true,0,0,0,0,0,0,0,0,0,0,0,0,0,0,0,,,0,0,0,0,,,,,0,,N/A,0,0,0,0,0,0,0,0,,0,0,0,0.00,0.00,0,0,0,0,0,0,0,0,0,,,0,,0,,,,Incomplete,,,,,,0,0,0,,,,,,,0,0,0,0,0,0,0,0,false,0,false,0,false,,0,0,,,0,,,,,0,,,,0,,0,0,,jsn.rodrigues@gmail.com,No response from Simon SG Fleet. Sent off a follow up email,,,,,6
14538109,,,,,,,NEW,2026-06-30,PDI DONE,11:00 AM,13-Jul-26,,,2026-07-13,,2026-07-13,,2026-07-13,,Harmony BYD - VIC,,,,,0,0,DELIVERED,,,,DELIVERED,FLEET,SG FLEET,,,,58134,56868,,fleet,Kahlia Duncan,,fleet,Tim Forbes,57750,,,Angie Liu,,,Asiri Rajapakse,Australia Pacific Airports (Melbourne) Pty Limited,Asiri Rajapakse,0425833201,,FLEET6a4338b5a0031,,,10314,,2FI9QX,LGXCF4CD1T2159588,SEALION 7,Performance,COSMOS BLACK,,,NEW,,,,Nil,0,0,0,0,0,0,0,0,0,0,0,0,true,0,0,0,0,0,0,0,0,0,0,0,0,0,0,0,,,0,0,0,0,,,,,0,,N/A,0,0,0,0,0,0,0,0,,0,0,67037.05,67037.05,0.00,0,0,0,0,0,0,0,0,0,,,0,,0,,,,Incomplete,,,,,,0,0,0,,,,,,,0,0,0,0,0,0,0,0,false,0,false,0,false,,0,0,,,0,,,,,0,,,,0,,0,0,SUNBURY,asiri.rajapakse@gmail.com,Remittance received please organise delivery once the funds have cleared.,,,,1,3
14538842,,,,,,,NEW,2026-06-29,,10:00 AM,02-Jul-26,,,2026-07-02,,2026-07-30,,2026-07-30,2026-06-30,Harmony BYD - VIC,,,,,0,0,DELIVERED,,,,DELIVERED,IHA,ANGLE AUTO FINANCE,,,,57332,57488,,53244,Sadman Chowdhury,,Jess Lam,Rowland Godeffroy,,,,,,,Gulfam Hussain,,,0431007017,,INV6a4218480339f,,,9599,,2FI9OU,LGXCD4C48T0234210,SEALION 8,PREMIUM AWD,AURORA WHITE,,,NEW,,,,BYD 1.88% 3Yr Commercial,68337.35,36,0,0,0,0,0,0,0,1.88,0,1595,true,0,0,0,0,0,0,0,0,0,0,0,0,0,0,0,,,0,0,0,0,,,,11738767,0,,N/A,0,0,0,0,0,0,0,0,,0,0,0,0.00,0.00,1595,0,0,0,0,0,0,0,0,,,0,,0,,,,Incomplete,,,,,,0,0,0,,,,,,,0,0,0,0,0,0,0,0,false,0,false,0,false,,0,0,,,0,,,,,0,,,,0,,0,0,,gulfamhussain114@gmail.com
14539393,,,,,,,NEW,2026-06-30,PDI DONE,03:30 PM,08-Jul-26,,,2026-07-08,,2026-07-08,,2026-07-08,,Harmony BYD - VIC,,,,,0,0,DELIVERED,,,,DELIVERED,FLEET,SMART LEASING,Smart Leasing,,,58134,56868,,fleet,Kahlia Duncan,,fleet,Tim Forbes,57750,,,Angie Liu,,,Gitanjali Dutta,,Gitanjali Dutta,0468333545,,FLEET6a43589b7e284-1,,,10893,,EBI832,LC0CE4CB5T4278205,ATTO 2,PREMIUM,SKI WHITE,,,NEW,,,,Nil,0,0,0,0,0,0,0,0,0,0,0,0,true,0,0,0,0,0,0,0,0,0,0,0,0,0,0,0,,,0,0,0,0,,,,,0,,N/A,0,0,0,0,0,0,0,0,,0,0,37939.85,37939.85,0.00,0,0,0,0,0,0,0,0,0,,,0,,0,,,,Incomplete,,,,,,0,0,0,,,,,,,0,0,0,0,0,0,0,0,false,0,false,0,false,,0,0,,,0,,,,,0,,,,0,,0,0,POINT COOK,Gitu_sa@yahoo.com,Funds have cleared,,,,1,3
14543316,,,,,,,NEW,2026-06-30,PDI DONE,04:30 PM,15-Jul-26,,,2026-07-15,,2026-07-15,,2026-07-15,,Harmony BYD - VIC,,,,,0,0,DELIVERED,,,,DELIVERED,FLEET,NOVATED LEASE AUSTRALIA,,,,57332,53293,,fleet,Vrinda Gupta,,fleet,Rowland Godeffroy,,,,,,,Sai Rakesh Chintalapudi,,,0433672823,,INV6a435fbc48670,,,10280,,2FI9LZ,LGXCH4CD7T2199894,SEALION 7,PREMIUM,COSMOS BLACK,,,NEW,,,,Nil,0,0,0,0,0,0,0,0,0,0,0,0,false,0,0,0,0,0,0,0,0,0,0,0,0,0,0,0,,,0,0,0,0,,,,,0,,N/A,0,0,0,0,0,0,0,0,,0,0,58134.25,58134.25,0.00,0,0,0,0,0,0,0,0,0,,,0,,0,,,,Incomplete,,,,,,0,0,0,,,,,,,0,0,0,0,0,0,0,0,false,0,false,0,false,,0,0,,,0,,,,,0,,,,0,,0,0,,raivata.kks@gmail.com,Remittance received please organise delivery once funds have cleared.,,,,1,2
14543322,,,,,,,NEW,2026-06-30,PDI DONE,04:00 PM,13-Jul-26,,,2026-07-12,,2026-07-12,,2026-07-12,,Harmony BYD - VIC,,,,,0,0,DELIVERED,,,,DELIVERED,FLEET,Be Car Wise,,,,57332,58011,,Fleet,Amanpreet Singh,,Fleet,Rowland Godeffroy,,,,,,,Mohitkumar Ghelabhai Rangholiya,,,0424055457,,INV6a435deda39bc,,,10279,,EBI775,LGXCH4CD7T2192377,SEALION 7,PREMIUM,COSMOS BLACK,,,NEW,,,,Nil,0,0,0,0,0,0,0,0,0,0,0,0,true,0,0,0,0,0,0,0,0,0,0,0,0,0,0,0,,,0,0,0,0,,,,,0,,N/A,0,0,0,0,0,0,0,0,,0,0,0,0.00,0.00,0,0,0,0,0,0,0,0,0,,,0,,0,,,,Incomplete,,,,,,0,0,0,,,,,,,0,0,0,0,0,0,0,0,false,0,false,0,false,,0,0,,,0,,,,,0,,,,0,,0,0,,mbawman@gmail.com,moved to pdlane,,,,1,6
